DG,DT
"506 Vernon Odom Boulevard, Akron OH 44307","11500 Menaul Boulevard Northeast a, Albuquerque NM 87112"
"1537 Brittain Road, Akron OH 44310","6521 Paradise Boulevard Northwest, Albuquerque NM 87114"
"1736 Merriman Road, Akron OH 44313","4208 Central Avenue Southwest Ste F, Albuquerque NM 87105"
"2501 South Arlington Road, Akron OH 44312","10701 Coors Rd Nw, #21, Albuquerque NM 87114"
"5235 Manchester Road, Akron OH 44319","11201 Montgomery Boulevard Northeast b, Albuquerque NM 87111"
"705 South Arlington Street, Akron OH 44306","8102 Wyoming Boulevard Northeast, Albuquerque NM 87113"
"3849 South Main Street, Akron OH 44319","300 Menaul Boulevard Northwest #101, Albuquerque NM 87107"
"525 East Waterloo Road, Akron OH 44319","4610 Cutler Ave NE, Albuquerque NM 87110"
"855 Canton Road, Akron OH 44312","3211 Coors Blvd SW, #SW-C1, Albuquerque NM 87121"
"600 North Main Street, Akron OH 44310","3301 Coors Boulevard Northwest, Albuquerque NM 87120"
"1045 Vernon Odom Boulevard, Akron OH 44307","9301 Coors Boulevard NW B-2, Albuquerque NM 87114"
"994 Brown St, Akron OH 44311","1511 Goff Boulevard Southwest, Albuquerque NM 87105"
"1787 Canton Road, Akron OH 44312","6300 San Mateo Blvd, Spc G, Albuquerque NM 87109"
"2072 Mogadore Road, Akron OH 44312","120 98th St NW, #B-3, Albuquerque NM 87121"
"901 Copley Road, Akron OH 44320","13130 Central Avenue Southeast, Albuquerque NM 87123"
"1356 South Arlington Street, Akron OH 44306","2030 Wyoming Boulevard Northeast, Albuquerque NM 87112"
"3333 Manchester Road, Akron OH 44319","5555 Zuni Rd SE, #21, Albuquerque NM 87108"
"408 South Slappey Boulevard, Albany GA 31701","2036 Johnson Ferry Road Northeast, Atlanta GA 30319"
"4805 Hill Road, Albany GA 31705","1326 Moreland Avenue Southeast, Atlanta GA 30316"
"2017 North Slappey Boulevard, Albany GA 31701","2685 Metropolitan Parkway SW, Ste C1, Atlanta GA 30315"
"1411 Dawson Road, Albany GA 31707","3345 Buford Highway Northeast #320, Atlanta GA 30329"
"5731 Newton Road, Albany GA 31701","645 Cascade Avenue Southwest, Atlanta GA 30310"
"300 East Oglethorpe Boulevard, Albany GA 31705","6055 Old National Highway, Atlanta GA 30349"
"327 South Westover Boulevard, Albany GA 31707","2630 Martin Luther King Junior Drive Southwest, Atlanta GA 30311"
"1515 Radium Springs Road, Albany GA 31705","5966 Roswell Road, Atlanta GA 30328"
"1508 North Jefferson Street, Albany GA 31701","2841 Greenbriar Parkway SW, #A3, Atlanta GA 30331"
"3005 North Slappey Boulevard, Albany GA 31701","906 Ralph David Abernathy Boulevard, Atlanta GA 30310"
"1775 Philema Road, Albany GA 31701","8359 Roswell Road, Atlanta GA 30350"
"1109 West Broad Avenue, Albany GA 31707","2480 Briarcliff Road Northeast #8, Atlanta GA 30329"
"2401 Liberty Expressway, Albany GA 31705","5025 Winters Chapel Road B, Atlanta GA 30360"
"J, 1824 Martin Luther King Junior Drive, Albany GA 31701","2104 Henderson Mill Rd, Atlanta GA 30345"
"2401 Dawson Road, Albany GA 31707","2034 Metropolitan Parkway Southwest, Atlanta GA 30315"
"1906 East Oglethorpe Boulevard, Albany GA 31705","3599 B Mlk Dr SW, Atlanta GA 30331"
"2950 Farm to Market Road 1151, Amarillo TX 79118","3454 North Salida Street, Aurora CO 80011"
"1518 Southeast 10th Avenue, Amarillo TX 79102","13686 East Alameda Avenue a, Aurora CO 80012"
"5811 South Western Street, Amarillo TX 79110","7510 South Gartrell Road, Aurora CO 80016"
"7040 West McCormick Road, Amarillo TX 79118","3106 S Parker Rd, #C2, Aurora CO 80014"
"3611 Northeast 24th Avenue, Amarillo TX 79107","15503 East Mississippi Avenue, Aurora CO 80017"
"307 East Hastings Avenue, Amarillo TX 79108","15453 E Hampden Ave, #E, Aurora CO 80013"
"5131 Plains Boulevard, Amarillo TX 79106","1155 South Havana Street #23, Aurora CO 80012"
"203 East Willow Creek Drive, Amarillo TX 79108","15240 East 6th Avenue, Aurora CO 80011"
"3412 South Georgia Street, Amarillo TX 79109","16941 East Quincy Avenue b, Aurora CO 80015"
"1430 West Amarillo Boulevard, Amarillo TX 79107","10260 East Colfax Avenue, Aurora CO 80010"
"4210 Southwest 45th Avenue A, Amarillo TX 79109","738-A Peoria Street, Aurora CO 80011"
"7125 Bell Street, Amarillo TX 79109","4211 S Lamar Blvd, Ste A-10, Austin TX 78704"
"403 South Western Street, Amarillo TX 79106","5310 Burnet Road #120, Austin TX 78756"
"3510 South Osage Street, Amarillo TX 79118","7101 Highway 71, Ste B-2, Austin TX 78735"
"2726 Southwest 10th Avenue, Amarillo TX 79102","12901 North I H 35, #110, Austin TX 78753"
"4308 South Washington Street, Amarillo TX 79110","500 West William Cannon Drive #434, Austin TX 78745"
"3415 Bell Street c, Amarillo TX 79109","2506 W Parmer Lane, Ste 120, Austin TX 78727"
"6729 Manor Road, Austin TX 78723","7112 Ed Bluestein Boulevard #150, Austin TX 78723"
"2101 West Ben White Boulevard, Austin TX 78704","1628 Ohlen Road #201, Austin TX 78758"
"5738 Manchaca Road #2, Austin TX 78745","13729 Research Boulevard #650, Austin TX 78750"
"709 West Stassney Lane, Austin TX 78745","11150 Research Boulevard, Austin TX 78759"
"5000 Springdale Road, Austin TX 78723","9515 North Lamar Boulevard #110, Austin TX 78753"
"1401 South Pleasant Valley Road, Austin TX 78741","5425 North I H 35, Austin TX 78723"
"6929 Airport Boulevard #160, Austin TX 78752","9500 S Ih 35, Ste J-400, Austin TX 78748"
"12320 Dessau Road, Austin TX 78754","1505 Columbus Street, Bakersfield CA 93305"
"6600 Farm to Market 969, Austin TX 78724","6151 Niles Street, Bakersfield CA 93306"
"6010 East Riverside Drive, Austin TX 78741","2252-2286 South Real Road, Bakersfield CA 93309"
"6800 West Gate Boulevard, Austin TX 78745","7890 White Lane, Bakersfield CA 93309"
"9600 Manchaca Road, Austin TX 78748","1721 Golden State Ave, Bakersfield CA 93301"
"5002 Nuckols Crossing Road, Austin TX 78744","731 Airport Drive, Bakersfield CA 93308"
"9616 North Lamar Boulevard #120, Austin TX 78753","4456 Ming Avenue, Bakersfield CA 93309"
"825 E Rundberg Ln Ste G1, Austin TX 78753","2717 Calloway Drive, Bakersfield CA 93312"
"405 East Braker Lane, Austin TX 78753","4725 Panama Lane, Unit D6, Bakersfield CA 93313"
"13712 Farm to Market 969, Austin TX 78724","5430 Stockdale Highway, Bakersfield CA 93309"
"2401 Belair Road, Baltimore MD 21213","2505 South H Street, Bakersfield CA 93304"
"3824 Eastern Avenue, Baltimore MD 21224","140 Carroll Island Road, Baltimore MD 21220"
"4810 Belair Road, Baltimore MD 21206","7621 Harford Road, Baltimore MD 21234"
"2115 West Patapsco Avenue, Baltimore MD 21230","6812 Reisterstown Road, Baltimore MD 21215"
"7350 Harford Road, Baltimore MD 21234","3425 Belair Road, Baltimore MD 21213"
"2311 East Northern Parkway, Baltimore MD 21214","859 East Fort Avenue, Baltimore MD 21230"
"4500 Edmondson Avenue, Baltimore MD 21229","2213 East Monument Street, Baltimore MD 21205"
"1620 Pennsylvania Avenue, Baltimore MD 21217","2375 North Rolling Road b, Windsor Mill MD 21244"
"4101 Pulaski Highway, Baltimore MD 21224","1737 Chesaco Avenue, Baltimore MD 21237"
"5405 Baltimore National Pike, Baltimore MD 21229","3842 E Lombard St, Baltimore MD 21224"
"717 Washington Boulevard, Baltimore MD 21230","2145 West Patapsco Avenue, Baltimore MD 21230"
"2511 Greenmount Avenue, Baltimore MD 21217","5710 Wabash Avenue, Baltimore MD 21215"
"5900 Reisterstown Road, Baltimore MD 21215","1052 Maiden Choice Lane, Baltimore MD 21229"
Baltimore MD 21206,"5650 Baltimore National Pike, Baltimore MD 21228"
"2429 Frederick Avenue, Baltimore MD 21223","1961 East Joppa Road, Baltimore MD 21234"
"16375 South Harrells Ferry Road, Baton Rouge LA 70816","5970 Belair Road, Baltimore MD 21206"
"6832 Florida Boulevard, Baton Rouge LA 70806","4327 Ebenezer Road, Baltimore MD 21236"
"8228 Hooper Road, Baton Rouge LA 70811","2445 Frederick Avenue, Baltimore MD 21223"
"11215 Joor Road, Baton Rouge LA 70818","7715 Eastpoint Mall, Baltimore MD 21224"
"7055 Greenwell Springs Road, Baton Rouge LA 70805","8659 Philadelphia Road, Baltimore MD 21237"
"4755 Prescott Rd, Baton Rouge LA 70805","14064 Coursey Boulevard, Baton Rouge LA 70817"
"15363 Old Hammond Highway, Baton Rouge LA 70816","14455 Wax Road l, Baton Rouge LA 70818"
"5455 Airline Highway, Baton Rouge LA 70805","1823 South Sherwood Forest Boulevard, Baton Rouge LA 70816"
"14660 Tiger Bend Road, Baton Rouge LA 70817","10440 Coursey Boulevard, Baton Rouge LA 70816"
"13738 Perkins Road, Baton Rouge LA 70810","3141 College Drive, Baton Rouge LA 70808"
"4770 Hooper Road, Baton Rouge LA 70811","1125 West Lee Drive, Baton Rouge LA 70820"
"4017 Plank Road, Baton Rouge LA 70809","6900 Siegen Lane b, Baton Rouge LA 70809"
"6315 Scenic Highway, Baton Rouge LA 70805","2170 O'Neal Lane, Baton Rouge LA 70816"
"20321 Highland Road, Baton Rouge LA 70817","9317 Burbank Drive, Baton Rouge LA 70820"
"9355 Greenwell Springs Road, Baton Rouge LA 70814","7119 Florida Boulevard f, Baton Rouge LA 70806"
"13965 Coursey Boulevard, Baton Rouge LA 70817","5944 Airline Highway, Baton Rouge LA 70805"
"191 Little John Drive, Baton Rouge LA 70815","3560 White Plains Road, Bronx NY 10467"
"8656 Goodwood Boulevard, Baton Rouge LA 70806","924 Westchester Avenue, Bronx NY 10459"
"5652 Government Street, Baton Rouge LA 70806","1750 East Gun Hill Road, Bronx NY 10469"
"1777 Sharp Road, Baton Rouge LA 70815","600 East 138th Street, Bronx NY 10454"
"4200 Municipal Drive, Birmingham AL 35214","612 Westchester Avenue, Bronx NY 10455"
"4132 Jefferson Avenue Southwest, Birmingham AL 35221","2721 Bronxwood Avenue, Bronx NY 10469"
"1200 Pinson Valley Parkway, Birmingham AL 35217","2026 Westchester Avenue, Bronx NY 10462"
"2419 Palomino Lane, Birmingham AL 35214","2047 Bartow Avenue, Bronx NY 10475"
"3194 New Castle Road, Birmingham AL 35217","925 Hunts Point Avenue, Bronx NY 10459"
"917 Dennison Avenue Southwest, Birmingham AL 35211","2659 Webster Avenue, Bronx NY 10458"
"3301 26th Street North, Birmingham AL 35207","1222 Prospect Avenue, Bronx NY 10459"
"4600 5th Avenue South, Birmingham AL 35222","460 Willis Avenue, Bronx NY 10455"
"9088 Parkway East, Birmingham AL 35206","4225 White Plains Road, Bronx NY 10466"
"1552 Forestdale Boulevard, Birmingham AL 35214","867 Longwood Avenue, Bronx NY 10459"
"915 3rd Avenue West, Birmingham AL 35204","3917 White Plains Rd, Bronx NY 10466"
"2260 Brewster Road, Birmingham AL 35235","5687 Broadway, Bronx NY 10463"
"2314 Warrior Road, Birmingham AL 35208","837 Washington Avenue, Bronx NY 10451"
"2007 Avenue H, Birmingham AL 35218","2641 East Tremont Avenue, Bronx NY 10461"
"3150 Birmingport Road, Birmingham AL 35224","1364 Jerome Avenue, Bronx NY 10452"
"3931 Pinson Valley Parkway, Birmingham AL 35217","250 East 144th Street, Bronx NY 10451"
"1687 Center Point Parkway, Birmingham AL 35215","817 Van Siclen Avenue, Brooklyn NY 11207"
"230 Holden Street, Buffalo NY 14214","Saint Marks Ave Saint Marks Avenue, Brooklyn NY 11233"
"93 South Rossler Avenue, Buffalo NY 14206","1253 Utica Avenue, Brooklyn NY 11203"
"1233 Abbott Road, Buffalo NY 14218","39 Belmont Avenue, Brooklyn NY 11212"
"2137 Seneca Street, Buffalo NY 14210","680 Meeker Avenue, Brooklyn NY 11222"
"1833 Elmwood Avenue, Buffalo NY 14207","864 Remsen Avenue, Brooklyn NY 11236"
"1055 Genesee Street, Buffalo NY 14211","344 Pennsylvania Avenue, Brooklyn NY 11207"
"437 Tonawanda Street, Buffalo NY 14207","2596 Linden Boulevard, Brooklyn NY 11208"
"1618 Main Street, Buffalo NY 14209","5201 Avenue N, Brooklyn NY 11234"
"3531 Seneca Street, Buffalo NY 14224","1183 Flatbush Avenue, Brooklyn NY 11226"
"1336 Hertel Avenue, Buffalo NY 14216","1501 Pitkin Ave, Brooklyn NY 11212"
"315 West Ferry Street, Buffalo NY 14213","210 Clarkson Avenue, Brooklyn NY 11226"
"663 East Ferry Street, Buffalo NY 14211","28 Debevoise St, Brooklyn NY 11206"
"244 Forest Avenue, Buffalo NY 14213","2847 West 8th Street, Brooklyn NY 11224"
"3079 Bailey Avenue, Buffalo NY 14215","2120 Rockaway Parkway, Brooklyn NY 11236"
"2920 William Street, Buffalo NY 14227","1726 McDonald Avenue, Brooklyn NY 11230"
"942 McKinley Parkway, Buffalo NY 14220","590 Hamilton Avenue, Brooklyn NY 11232"
"338 Kenmore Avenue, Buffalo NY 14223","318 Knickerbocker Avenue, Brooklyn NY 11237"
"827 Tonawanda Street, Buffalo NY 14207","2294 Nostrand Avenue, Brooklyn NY 11210"
"3170 Delaware Avenue, Buffalo NY 14217","1720 Atlantic Avenue, Brooklyn NY 11213"
"4257 Lake Avenue, Buffalo NY 14219","1848 Galleria Boulevard c, Charlotte NC 28270"
"221 Heathway Drive, Charlotte NC 28213","8808 Albemarle Road, Charlotte NC 28227"
"1437 East Sugar Creek Road, Charlotte NC 28205","9519 B South Blvd, Charlotte NC 28273"
"5200 Albemarle Road, Charlotte NC 28212","2933 Mount Holly-Huntersville Road, Charlotte NC 28214"
"1949 East 7th Street, Charlotte NC 28204","5409 South Blvd, Charlotte NC 28217"
"8001 Moores Chapel Road, Charlotte NC 28214","4525 The Plaza z, Charlotte NC 28215"
"6445 Old Statesville Road, Charlotte NC 28269","3301 Freedom Drive, Charlotte NC 28208"
"9229 Lawyers Road M, Charlotte NC 28227","9118 South Tryon Street, Charlotte NC 28273"
"10018 Albemarle Road, Charlotte NC 28227","820 East Arrowood Road a, Charlotte NC 28217"
"7411 East Independence Boulevard, Charlotte NC 28227","5600 Albemarle Road #300, Charlotte NC 28212"
"7322 Plaza Road Ext, Charlotte NC 28215","9717 Northlake Centre Parkway F, Charlotte NC 28216"
"8825 East W.T. Harris Boulevard, Charlotte NC 28227","8330 Pineville-Matthews Road, Charlotte NC 28226"
"3708 Oakdale Road, Charlotte NC 28216","3716 W WT Harris Blvd A-2, Charlotte NC 28269"
"2303 Westinghouse Boulevard #2, Charlotte NC 28273","8101 University City Boulevard #1A, Charlotte NC 28213"
"2804 West Sugar Creek Road, Charlotte NC 28262","4300 Portsmouth Boulevard #170, Chesapeake VA 23321"
"6217 South Boulevard, Charlotte NC 28217","1509 Sams Circle, Chesapeake VA 23320"
"6518 Shallowford Road, Chattanooga TN 37421","237 Battlefield Boulevard South #13, Chesapeake VA 23322"
"151 Browns Ferry Road, Chattanooga TN 37419","1800 Liberty Street #106, Chesapeake VA 23324"
"3210 Wilcox Boulevard, Chattanooga TN 37411","504 Bud Dr, Chesapeake VA 23322"
"7345 Lee Highway, Chattanooga TN 37421","1973 South Military Highway, Chesapeake VA 23320"
"3600 Hixson Pike, Chattanooga TN 37415","1320 Greenbrier Parkway #320, Chesapeake VA 23320"
"2303 East 23rd Street, Chattanooga TN 37407","3146 Western Branch Boulevard, Chesapeake VA 23321"
"5707 Ringgold Road, Chattanooga TN 37412","1105 S Military Hwy, Chesapeake VA 23320"
"2010 McCallie Avenue, Chattanooga TN 37404","500 Volvo Parkway, Chesapeake VA 23320"
"3158 Broad Street, Chattanooga TN 37408","4107 Portsmouth Boulevard #118, Chesapeake VA 23321"
"772 Mountain Creek Road, Chattanooga TN 37405","1989 S Military Hwy, Chesapeake VA 23320"
"4211 Rossville Blvd, Chattanooga TN 37407","10601 South Pulaski Road, Chicago IL 60655"
"3615 Dayton Boulevard, Chattanooga TN 37415","2252 North Milwaukee Avenue, Chicago IL 60647"
"4860 Hixson Pike #100, Hixson TN 37343","209 East 103rd Street, Chicago IL 60628"
"3635 Brainerd Road, Chattanooga TN 37411","4315 South Archer Avenue, Chicago IL 60632"
"8126 East Brainerd Road Ste B, Chattanooga TN 37421","5616 West Belmont Avenue, Chicago IL 60634"
"3920 Ringgold Road # A, Chattanooga TN 37412","10820 South Doty Avenue, Chicago IL 60628"
"3101 Dodson Avenue, Chattanooga TN 37406","2931 W Addison St. T-15 - T-18, Chicago IL 60618"
"4850 Tennessee 58, Chattanooga TN 37416","3620 118th Street a, Chicago IL 60617"
"2341 West Howard Street, Chicago IL 60645","4738 N Western Ave, Chicago IL 60625"
"4828 West Irving Park Road, Chicago IL 60641","5708 West Irving Park Road, Chicago IL 60634"
"2740 West Cermak Road, Chicago IL 60608","7901 South Western Avenue, Chicago IL 60620"
"9520 South Jeffery Avenue, Chicago IL 60617","4441 West Diversey Avenue, Chicago IL 60639"
"4524 South Ashland Avenue, Chicago IL 60609","5469 West North Avenue, Chicago IL 60639"
"6225 South Kedzie Avenue, Chicago IL 60629","4609 South Ashland Avenue, Chicago IL 60609"
"5434 West North Avenue, Chicago IL 60639","3363 North Milwaukee Avenue, Chicago IL 60641"
"316 West 103rd Street, Chicago IL 60628","2593 N Elston Ave, Chicago IL 60647"
"8201 South Racine Avenue, Chicago IL 60620","4800 W Fullerton Ave, Chicago IL 60639"
"2019 West 79th Street, Chicago IL 60620","4118 North Cicero Avenue, Chicago IL 60641"
"5725 North Broadway Street, Chicago IL 60660","7540 North Western Avenue, Chicago IL 60645"
"6647 South Western Avenue, Chicago IL 60636","5101 S Cicero Ave, #104, Chicago IL 60632"
"12635 South Halsted Street, Chicago IL 60628","11910 Hamilton Avenue, Cincinnati OH 45231"
"9244 South Ashland Avenue, Chicago IL 60620","4530 Eastgate Boulevard #400, Cincinnati OH 45245"
"2649 East 79th Street, Chicago IL 60649","4940 Vine Street, Cincinnati OH 45217"
"5518 West Chicago Avenue, Chicago IL 60651","10214 Colerain Avenue, Cincinnati OH 45251"
"5255 North Milwaukee Avenue, Chicago IL 60630","5180 Delhi Avenue, Cincinnati OH 45238"
"1425 East 71st Street, Chicago IL 60619","5975 Colerain Avenue, Cincinnati OH 45239"
"4046 West Roosevelt Road, Chicago IL 60624","2038 Beechmont Avenue, Cincinnati OH 45230"
"5627 North Lincoln Avenue, Chicago IL 60659","6026 Glenway Avenue B, Cincinnati OH 45211"
"5325 Ridge Road, Cincinnati OH 45213","8562 Beechmont Avenue, Cincinnati OH 45255"
"7694 Montgomery Road, Cincinnati OH 45236","1864 East Seymour Avenue Unit 22, Cincinnati OH 45237"
"8251 Beechmont Avenue, Cincinnati OH 45255","887 West Galbraith Road, Cincinnati OH 45231"
"545 Clough Pike, Cincinnati OH 45244","3325 Alamo Avenue, Cincinnati OH 45209"
"8555 Winton Road, Cincinnati OH 45231","5730 Harrison Avenue, Cincinnati OH 45248"
"6600 Hamilton Avenue, Cincinnati OH 45224","4220 Glenway Avenue, Cincinnati OH 45205"
"24 Eswin Street, Cincinnati OH 45218","1179 Smiley Avenue, Cincinnati OH 45240"
"4958 Delhi Avenue, Cincinnati OH 45238","5245 Ridge Road #3, Cincinnati OH 45213"
"940 West North Bend Road, Cincinnati OH 45224","3990 East Galbraith Road #1, Cincinnati OH 45236"
"1027 William Howard Taft Road, Cincinnati OH 45206","7430 Brookpark Rd, Cleveland OH 44129"
"4109 Plainville Road, Cincinnati OH 45227","3379 Steelyard Drive, Cleveland OH 44109"
"9517 Pippin Road, Cincinnati OH 45231","17442 Lorain Avenue, Cleveland OH 44111"
"11850 Hamilton Avenue, Cincinnati OH 45231","6107 Broadway Avenue, Cleveland OH 44127"
"7685 Reading Road, Cincinnati OH 45237","656 East 105th Street, Cleveland OH 44108"
"5700 Harrison Avenue, Cincinnati OH 45248","2892 East 116th Street, Cleveland OH 44120"
"10152, Princeton Glendale Road, Cincinnati OH 45246","6723 Denison Avenue, Cleveland OH 44102"
"3920 Glenway Avenue, Cincinnati OH 45205","4250 Fulton Road, Cleveland OH 44144"
"6134 Colerain Avenue, Cincinnati OH 45239","12900 Miles Avenue, Cleveland OH 44105"
"2955 Ashland City Road, Clarksville TN 37043","12709 Bellaire Road, Cleveland OH 44135"
"1399 Dover Road, Clarksville TN 37042","1776 West Uintah Street, Colorado Springs CO 80904"
"2410 Madison Street, Clarksville TN 37043","8045 Academy Boulevard North, Colorado Springs CO 80920"
"1945 Madison Street, Clarksville TN 37043","3590 Hartsel Drive C, Colorado Springs CO 80920"
"1100 Ashridge Drive, Clarksville TN 37042","1530 South Circle Drive, Colorado Springs CO 80910"
"155 Edmondson Ferry Road, Clarksville TN 37040","1877 South Nevada Avenue, Colorado Springs CO 80905"
"924 Providence Boulevard, Clarksville TN 37042","2417 N Union Blvd, Colorado Springs CO 80909"
"927 Tracy Lane, Clarksville TN 37040","2780 South Academy Boulevard #100, Colorado Springs CO 80916"
"2748 Tennessee 48, Clarksville TN 37040","855 N Academy Blvd, Colorado Springs CO 80909"
"440 Dover Road, Clarksville TN 37042","747 Garden Of The Gods Road, Colorado Springs CO 80907"
"1481 Tiny Town Road, Clarksville TN 37042","4370 Austin Bluffs Parkway, Colorado Springs CO 80918"
"5425 Ashland City Rd, Clarksville TN 37043","2044 Crown Plaza Drive, Columbus OH 43235"
"2105 Trenton Road, Clarksville TN 37040","4892 Morse Road, Columbus OH 43230"
"898 Tennessee 76, Clarksville TN 37043","3754 South High Street, Columbus OH 43207"
"324 Madison Street, Clarksville TN 37040","6225 East Main Street, Columbus OH 43213"
"3855 Trenton Road, Clarksville TN 37040","1415 Worthington Centre Drive, Columbus OH 43085"
"3315 Fort Campbell Boulevard, Clarksville TN 37042","5777 Chantry Drive, Columbus OH 43232"
"1600 Fort Campbell Boulevard, Clarksville TN 37042","4571 Morse Centre Road, Columbus OH 43229"
"10390 Saint Clair Avenue, Cleveland OH 44108","1351 Parsons Avenue, Columbus OH 43206"
"3545 Ridge Road, Cleveland OH 44102","3856 East Broad Street, Columbus OH 43213"
"13020 Miles Avenue, Cleveland OH 44105","3570 Soldano Boulevard, Columbus OH 43228"
"375 South Green Road, Cleveland OH 44121","1230 Morse Road, Columbus OH 43229"
"5785 Chevrolet Boulevard, Cleveland OH 44130","4775 W Broad St, Columbus OH 43228"
"7911 Saint Clair Avenue, Cleveland OH 44103","4777 Vista Wood Boulevard #150, Dallas TX 75224"
"4279 Mayfield Road, Cleveland OH 44121","4241 West Camp Wisdom Road a, Dallas TX 75237"
"6806 Biddulph Road, Cleveland OH 44144","2525 West Wheatland Road #210, Dallas TX 75237"
"9111 Miles Avenue, Cleveland OH 44105","4430 Dfw Turnpike, Dallas TX 75211"
"5133 Superior Avenue, Cleveland OH 44103","1005 South Cockrell Hill Road #201, Dallas TX 75211"
"7383 State Road, Cleveland OH 44134","5909 Belt Line Road #100, Dallas TX 75254"
"15707 Saint Clair Avenue, Cleveland OH 44110","1152 North Buckner Boulevard #107, Dallas TX 75218"
"475 East 200th Street, Cleveland OH 44119","6465 East Mockingbird Lane, Dallas TX 75214"
"3785 Lee Road, Cleveland OH 44128","11722 Marsh Lane #307, Dallas TX 75229"
"2966 East 116th Street, Cleveland OH 44104","742 Wynnewood Village Shopping Center, Dallas TX 75224"
"1955 Lee Road, Cleveland OH 44118","1639 South Buckner Boulevard #150, Dallas TX 75217"
"16015 Lakeshore Boulevard, Cleveland OH 44110","10304 Lake June Road, Dallas TX 75217"
"6815 Broadway Avenue, Cleveland OH 44105","5334 Ross Avenue #700, Dallas TX 75206"
"5510 Ridge Road, Cleveland OH 44129","9208 East R L Thornton Freeway, Dallas TX 75228"
"2272 East 55th Street, Cleveland OH 44103","10233 Northwest Highway #408, Dallas TX 75238"
"7925 Wilson Boulevard, Columbia SC 29203","9310 Forest Lane #106, Dallas TX 75243"
"1563 Broad River Road, Columbia SC 29210","3100 S Sheridan Blvd ste b, Denver CO 80227"
"2900 Leesburg Rd suite 70, Columbia SC 29209","600 S Holly St #105, Denver CO 80246"
"1601 Shivers Road, Columbia SC 29210","4385 W Florida Ave, Denver CO 80219"
"2324 Decker Boulevard, Columbia SC 29206","5190 N Federal Blvd, Denver CO 80221"
"3724 Covenant Road, Columbia SC 29204","407 South Broadway #400, Denver CO 80209"
"536 Saint Andrews Road, Columbia SC 29210","4923 E Colfax Ave, Denver CO 80220"
"103 William Hardin Road, Columbia SC 29223","8962 East Hampden Avenue, Denver CO 80231"
"5807 North Main Street, Columbia SC 29203","2223 S Monaco Pkwy, Denver CO 80222"
"1905 Bluff Road, Columbia SC 29201","3125 Federal Blvd, Denver CO 80211"
"4015 West Beltline Boulevard, Columbia SC 29204","8000 East Quincy Avenue #600, Denver CO 80237"
"2101 Two Notch Road, Columbia SC 29204","2545 S Schaefer Hwy, Detroit MI 48217"
"931 Longtown Road, Columbia SC 29229","2300 West Davison Street, Detroit MI 48238"
"6246 Two Notch Road, Columbia SC 29223","13018 Fenkell Avenue, Detroit MI 48227"
"619 Beltline Boulevard, Columbia SC 29205","11960 East Warren Avenue, Detroit MI 48214"
"9221 Two Notch Rd, Columbia SC 29223","20430 Van Dyke, Detroit MI 48234"
"1720 Taylor Street, Columbia SC 29201","2720 E Jefferson Ave, Detroit MI 48207"
"6322 Monticello Road, Columbia SC 29203","10946 Gratiot Avenue, Detroit MI 48213"
"4045 West Beltline Boulevard, Columbia SC 29204","11535 Hayes Street, Detroit MI 48205"
"1630 Lake Murray Boulevard, Columbia SC 29212","17931 East Warren Avenue, Detroit MI 48224"
"4615 Morse Centre Rd, Columbus OH 43229","6138 Vernor Highway, Detroit MI 48209"
"3221 South High Street, Columbus OH 43207","21310 W Grand River Ave, Detroit MI 48219"
"901 South James Road, Columbus OH 43227","2050 E 8 Mile Rd, Detroit MI 48234"
"1959 Morse Road, Columbus OH 43229","13240 East Jefferson Avenue, Detroit MI 48215"
"5950 E Livingston Ave, Columbus OH 43232","9801 Dyer Street, El Paso TX 79924"
"3636 Lockbourne Road, Columbus OH 43207","5640 Alameda Avenue, El Paso TX 79905"
"4050 Alum Creek Drive, Columbus OH 43207","14678 Montana Ave, El Paso TX 79938"
"1500 East Livingston Avenue, Columbus OH 43205","3355 N Yarbrough Dr, #A, El Paso TX 79925"
"1391 East Main Street, Columbus OH 43205","500 N Zaragosa Rd. Ste.Q3 S, El Paso TX 79907"
"4868 West Broad Street, Columbus OH 43228","3401 North Mesa Street, El Paso TX 79902"
"1410 Harrisburg Pike, Columbus OH 43223","1348 North Zaragoza Road, El Paso TX 79936"
"2012 Lockbourne Road, Columbus OH 43207","12302 Montana Ave F, Ste 601, El Paso TX 79938"
"128 North Wilson Road, Columbus OH 43204","9109 Dyer Street p, El Paso TX 79924"
"1660 East Dublin Granville Road, Columbus OH 43229","6351 South Desert Boulevard #202, El Paso TX 79932"
"1260 Demorest Road, Columbus OH 43204","9513 Viscount Boulevard A, El Paso TX 79925"
"1862 Hard Road, Columbus OH 43235","201 South Americas Avenue #201, El Paso TX 79907"
"3350 Cleveland Avenue, Columbus OH 43224","3590 N Zaragoza Rd, Bldg C, El Paso TX 79938"
"3561 Sullivant Avenue, Columbus OH 43204","8041 North Mesa Street, El Paso TX 79932"
"1130 Norton Road, Columbus OH 43228","2930 Pershing Dr, El Paso TX 79903"
"3349 Refugee Road, Columbus OH 43232","116 South Stanton Street, El Paso TX 79901"
"6001 Crystal Drive, Columbus GA 31907","1700 North Zaragoza Road #129, El Paso TX 79936"
"3885 Miller Road, Columbus GA 31909","10501 Gateway Boulevard West #103, El Paso TX 79925"
"2602 Manchester Expressway, Columbus GA 31904","1025 North Carolina Drive b, El Paso TX 79907"
"915 Amber Drive # A, Columbus GA 31907","11240 Montwood Drive O, El Paso TX 79936"
"2500 Hamilton Road, Columbus GA 31904","4235 Palm Beach Boulevard, Fort Myers FL 33905"
"3649 Victory Drive, Columbus GA 31903","3242 Forum Boulevard #401, Fort Myers FL 33905"
"3721 Macon Road, Columbus GA 31907","11571 Majestic Palms Boulevard #120, Fort Myers FL 33908"
"2301 Cusseta Road, Columbus GA 31903","9061 College Parkway, Fort Myers FL 33919"
"4900 River Road, Columbus GA 31904","3477 Doctor Martin Luther King Junior Boulevard, Fort Myers FL 33916"
"6499 Veterans Parkway C, Columbus GA 31909","10021 Gulf Center Drive #230, Fort Myers FL 33913"
"5120 Warm Springs Road, Columbus GA 31909","9371 Ben C Prat 6 Miles Ste 325, 6 Mile Cypress Parkway, Fort Myers FL 33966"
"3846 Saint Marys Road, Columbus GA 31906","13741 South Tamiami Trail #4, Fort Myers FL 33912"
"3747 Gentian Boulevard, Columbus GA 31907","5100 South Cleveland Avenue, Fort Myers FL 33907"
"4328 Buena Vista Road, Columbus GA 31907","408176, Three Oaks Parkway, Fort Myers FL 33967"
"2701 Waldron Road, Corpus Christi TX 78418","367 Carroll St, Fort Worth TX 76107"
"609 South Staples Street, Corpus Christi TX 78401","10701 North Beach Street, Fort Worth TX 76244"
"5720 Leopard Street, Corpus Christi TX 78408","1458 Eastchase Parkway, Fort Worth TX 76120"
"4102 Leopard Street, Corpus Christi TX 78408","2233 Porter Creek Drive, Fort Worth TX 76177"
"831 Airline Road B, Corpus Christi TX 78412","7015 Ridgmar Meadow Road, Fort Worth TX 76116"
"4902 Holly Road, Corpus Christi TX 78411","219 Northeast 28th Street, Fort Worth TX 76164"
"14102 Northwest Boulevard, Corpus Christi TX 78410","9700 Legacy Drive #120, Fort Worth TX 76108"
"2978 Holly Road, Corpus Christi TX 78415","8640 Camp Bowie West Boulevard, Fort Worth TX 76116"
"4714 Greenwood Drive, Corpus Christi TX 78416","2708 Renaissance Drive, Fort Worth TX 76105"
"3130 Morgan Avenue, Corpus Christi TX 78405","6216 Hulen Bend Blvd, Fort Worth TX 76132"
"9850 Leopard Street, Corpus Christi TX 78410","6397 Camp Bowie Boulevard, Fort Worth TX 76116"
"6726 Saratoga Boulevard, Corpus Christi TX 78414","4200 South Freeway #948, Fort Worth TX 76115"
"2767 South Staples Street, Corpus Christi TX 78404","7440 McCart Avenue #224, Fort Worth TX 76133"
"6057 Weber Road, Corpus Christi TX 78413","4217 East Lancaster Avenue, Fort Worth TX 76103"
"10309 South Padre Island Drive, Corpus Christi TX 78418","3300 E Tulare Ave, Fresno CA 93702"
"4138 Ayers Street, Corpus Christi TX 78415","5265 North Blackstone Avenue, Fresno CA 93710"
"7771 South Great Trinity Forest Way, Dallas TX 75217","1544 East Champlain Drive #105, Fresno CA 93720"
"11255 Garland Road #200, Dallas TX 75218","6728 N Cedar Ave, Fresno CA 93710"
"3936 South Polk Street, Dallas TX 75224","5666 East Kings Canyon Road, Fresno CA 93727"
"4627 West Kiest Boulevard, Dallas TX 75236","2950 North Fowler Avenue, Fresno CA 93727"
"1780 South Beltline Road, Dallas TX 75253","6380 North Figarden Drive #1, Fresno CA 93722"
"2020 North Masters Drive, Dallas TX 75217","4474 West Shaw Avenue, Fresno CA 93722"
"8786 Ferguson Road #186, Dallas TX 75228","917 E Olive Ave, Fresno CA 93728"
"9035 Forest Ln #101, Dallas TX 75243","4982 East Kings Canyon Road, Fresno CA 93727"
"580 West Lawson Road, Dallas TX 75253","4010 North West Avenue, Fresno CA 93705"
"4807 Sunnyvale Street, Dallas TX 75216","4021 East Ashlan Avenue, Fresno CA 93726"
"2919 Cedar Crest Boulevard, Dallas TX 75203","3780 West Shields Avenue, Fresno CA 93722"
"6905 Lake June Road, Dallas TX 75217","3730 North Blackstone Avenue, Fresno CA 93726"
"3515 West Northwest Highway, Dallas TX 75220","4626 W Market St E, Greensboro NC 27407"
"10055 Marsh Lane, Dallas TX 75229","1014 Summit Ave, Greensboro NC 27405"
"655 West Illinois Avenue, Dallas TX 75224","4001 Battleground Avenue, Greensboro NC 27410"
"8126 N Main St, Dayton OH 45415","5710-Gg W Gate Boulev Ste Gg, Greensboro NC 27407"
"5997 West Third Street, Dayton OH 45417","2723 Ring Road, Greensboro NC 27405"
"5245 North Dixie Road, Dayton OH 45414","4636 Hicone Road, Greensboro NC 27405"
"2300 Valley Pike, Dayton OH 45404","1311 Bridford Parkway, Greensboro NC 27407"
"720 East Main Street, Dayton OH 45426","3018 West Gate City Boulevard, Greensboro NC 27403"
"1819 West Third Street, Dayton OH 45417","2635 Lawndale Drive, Greensboro NC 27408"
"445 Salem Avenue, Dayton OH 45406","4626 West Market Street E, Greensboro NC 27407"
"2701 South Dixie Drive, Dayton OH 45409","1583 New Garden Road, Greensboro NC 27410"
"2821 Linden Avenue, Dayton OH 45410","2902 Randleman Road, Greensboro NC 27406"
"1431 Wayne Avenue, Dayton OH 45410","2805 Battleground Ave, Greensboro NC 27408"
"1211 East Stroop Road, Dayton OH 45429","14034 Memorial Drive, Houston TX 77079"
"2228 North Gettysburg Avenue, Dayton OH 45406","2217 Farm to Market 1960 Road West, Houston TX 77090"
"4600 North Main Street, Dayton OH 45405","1385 Kingwood Drive, Kingwood TX 77339"
"5520 Airway Road, Dayton OH 45431","12900 Aldine Westfield Road e, Houston TX 77039"
"2312 North Main Street, Dayton OH 45405","8501 South Sam Houston Parkway East #110, Houston TX 77075"
"888 South Gettysburg Avenue, Dayton OH 45417","2435 Bay Area Boulevard, Houston TX 77058"
"5118 Salem Ave, Dayton OH 45426","12653 A Bissonnet St, Houston TX 77099"
"7601-7885 Curry Davis Dr, Denham Springs LA 70726","5360 W 34th St, Houston TX 77092"
"31259-31359 Range Avenue, Denham Springs LA 70706","11817 Wilcrest Drive B, Houston TX 77031"
"31163 Old La Highway 16, Denham Springs LA 70706","9402 Texas 6, Houston TX 77083"
"39578 LA-16, Denham Springs LA 70706","7090 Bissonnet Street, Houston TX 77074"
"23460 LA Highway 16, Denham Springs LA 70726","8707 West Bellfort Boulevard, Houston TX 77031"
"10394 Arnold Road, Denham Springs LA 70726","2885 South Richey Street, Houston TX 77017"
"20019 LA-16, Denham Springs LA 70726","10138 Hammerly Boulevard, Houston TX 77080"
"1190 Hatchell Lane, Denham Springs LA 70726","1345 W 43rd St, Houston TX 77018"
"33835 Louisiana 16, Denham Springs LA 70706","9215 West Road, Houston TX 77064"
"26713 Juban Road, Denham Springs LA 70726","9755 South Post Oak Road, Houston TX 77096"
"25600 Louisiana 16, Denham Springs LA 70726","10790 Bellaire Boulevard, Houston TX 77072"
"2330 South Range Avenue Ste A, Denham Springs LA 70726","7560 Westheimer Rd B, Houston TX 77063"
"25815 Walker South Road, Denham Springs LA 70726","3040 Farm to Market 1960 #140, Houston TX 77073"
"8583 Florida Boulevard, Denham Springs LA 70726","5720 W Washington St, Indianapolis IN 46241"
"12815 East Jefferson Avenue, Detroit MI 48215","11701 Fox Road, Indianapolis IN 46236"
"4705b Conner Street, Detroit MI 48215","3377 Kentucky Avenue, Indianapolis IN 46221"
"6365 W Vernor Hwy, Detroit MI 48209","2975 North German Church Road, Indianapolis IN 46229"
"10920 East Jefferson Avenue, Detroit MI 48214","11524 East Washington Street, Indianapolis IN 46229"
"8800 Schaefer Highway, Detroit MI 48228","1605 West Southport Road, Indianapolis IN 46217"
"12421 Hayes Street, Detroit MI 48205","8923 S Meridian St, #C-1, Indianapolis IN 46217"
"12555 Grand River Avenue, Detroit MI 48204","5365 East Thompson Road, Indianapolis IN 46237"
"1559 East Lafayette Street, Detroit MI 48207","7423 Us 31 S, Indianapolis IN 46227"
"20164 Van Dyke, Detroit MI 48234","7373 Shadeland Avenue, Indianapolis IN 46250"
"3000 West Davison Street, Detroit MI 48238","3837 North High School Road, Indianapolis IN 46254"
"13341 Seven Mile East, Detroit MI 48205","3680 S East St, #D, Indianapolis IN 46227"
"18604 Fenkell Avenue, Detroit MI 48223","10555 Pendelton Pike, Ste #B-1, Indianapolis IN 46236"
"9350 Woodward Avenue, Detroit MI 48202","5115 West Washington Street, Indianapolis IN 46241"
"18209 Joy Road, Detroit MI 48228","7225 North Keystone Avenue d, Indianapolis IN 46240"
"18609 West Seven Mile Road, Detroit MI 48219","5542 E 82nd St, Indianapolis IN 46250"
"14611 West McNichols Road, Detroit MI 48235","8625 Pendleton Pike, Indianapolis IN 46226"
"1727 East State Fair Avenue, Detroit MI 48203","711 E 38th St, Indianapolis IN 46205"
"10220 Gratiot Avenue, Detroit MI 48213","9491 East Washington Street, Indianapolis IN 46229"
"4611 East Richardson Road, Edinburg TX 78542","5302 North Keystone Avenue B, Indianapolis IN 46220"
"5125 South Alamo Road, Edinburg TX 78542","13740 Beach Boulevard #408, Jacksonville FL 32224"
"3815 East Farm to Market 2812, Edinburg TX 78542","13141 City Station Dr, Unit 109, Jacksonville FL 32218"
"North Alamo Road, Edinburg TX 78516","11111 San Jose Boulevard #45, Jacksonville FL 32250"
"1821 South Alamo Road, Edinburg TX 78539","12123 Lem Turner Road Ste 1, Jacksonville FL 32218"
"8920 Texas 107, Edinburg TX 78542","11250 Old Saint Augustine Road #29, Jacksonville FL 32257"
"1311 West Owassa Road, Edinburg TX 78539","9400 Atlantic Boulevard #30, Jacksonville FL 32225"
"5107 West Monte Christo Road, Edinburg TX 78541","4643 River City Drive #107, Jacksonville FL 32246"
"302 East Cano Street, Edinburg TX 78539","1631 University Boulevard South, Jacksonville FL 32216"
"1121 South Raul Longoria Road, Edinburg TX 78542","10320 Shops Lane #303, Jacksonville FL 32256"
"3007 Sugar Road, Edinburg TX 78539","3636 Blanding Boulevard #17, Jacksonville FL 32210"
"4406 South Raul Longoria Road, Edinburg TX 78542","8634 Baymeadows Road, Jacksonville FL 32256"
"1801 East Monte Cristo Road, Edinburg TX 78542","9725 Crosshill Boulevard, Jacksonville FL 32222"
"1821 S Alamo Rd, Edinburg TX 78542","4331, 3544 University Boulevard West, Jacksonville FL 32217"
"1406 West Monte Christo Road, Edinburg TX 78541","7310 New Kings Road, Jacksonville FL 32219"
"1001 North Carolina Drive, El Paso TX 79915","11000 Beach Boulevard, Jacksonville FL 32246"
"4040 Hercules Avenue, El Paso TX 79904","8011 Merrill Road #2, Jacksonville FL 32277"
"3017 McRae Boulevard, El Paso TX 79925","11824-3 Atlantic Blvd, Jacksonville FL 32225"
"6910 North Mesa Street # A, El Paso TX 79912","6466 103rd Street, Jacksonville FL 32210"
"10480 Kenworthy St, El Paso TX 79924","10827 Harts Road, Jacksonville FL 32218"
"5111 Fairbanks Drive, El Paso TX 79924","6001 Argyle Forest Blvd, #61, Jacksonville FL 32244"
"11680 Pebble Hills Boulevard, El Paso TX 79936","6461 North Cosby Avenue, Kansas City KS 64151"
"11971 Dyer St, El Paso TX 79934","520 County Line Road, Kansas City KS 66103"
"10480 Kenworthy St Ste B, El Paso TX 79924","5524 Northeast Antioch Road, Kansas City KS 64119"
"115 South Americas Avenue B, El Paso TX 79907","4501 North Brighton Avenue, Kansas City KS 64117"
"3350 George Dieter Drive, El Paso TX 79936","8656 East 63rd Street, Kansas City KS 64133"
"8500 Dyer Street # 61, El Paso TX 79904","8929 Wornall Road, Kansas City KS 64114"
"10810 McCombs St, El Paso TX 79924","6200 Northwest Barry Road, Kansas City KS 64154"
"10180 Dyer Street, El Paso TX 79924","1402 South 42nd Street, Kansas City KS 66106"
"1550 North Resler Drive, El Paso TX 79912","1640 East 63rd Street, Kansas City KS 64110"
"9155 Dyer Street, El Paso TX 79924","1014 Westport Road, Kansas City KS 64111"
"7021 Alameda Avenue, El Paso TX 79915","14201 East US Highway 40, Kansas City KS 64136"
"2400 North Mesa Street, El Paso TX 79902","7650 State Avenue, Kansas City KS 66112"
"11401 Socorro Road, El Paso TX 79927","4601 Troost Avenue, Kansas City KS 64110"
"5421 Montana Avenue A, El Paso TX 79903","1076 Cypress Parkway, Kissimmee FL 34759"
"3900 Hemphill Street, Fort Worth TX 76110","2640 Simpson Rd, Kissimmee FL 34743"
"1037 East Berry Street, Fort Worth TX 76110","5240 West Irlo Bronson Memorial Highway, Kissimmee FL 34746"
"8420 White Settlement Road, Fort Worth TX 76108","650 Centerview Blvd, Kissimmee FL 34741"
"3912 Northeast 28th Street, Fort Worth TX 76111","1361 East Vine Street #65, Kissimmee FL 34744"
"9302 Confederate Park Road, Fort Worth TX 76135","3209 South John Young Parkway, Kissimmee FL 34746"
"1000 Sycamore School Road, Fort Worth TX 76134","2557 Old Vineland Road, Kissimmee FL 34746"
"2520 Hemphill Street, Fort Worth TX 76110","3201 Rolling Oaks Boulevard, Kissimmee FL 34747"
"3548 South Hills Avenue, Fort Worth TX 76109","1387 East Osceola Parkway, Kissimmee FL 34744"
"5700 Rendon Bloodworth Road, Fort Worth TX 76140","3175 West Vine Street, Kissimmee FL 34741"
"1024 Bridgewood Drive, Fort Worth TX 76112","7220 Oak Ridge Hwy, Knoxville TN 37931"
"3600 Miller Avenue, Fort Worth TX 76119","7478 Chapman Hwy, Knoxville TN 37920"
"1909 Everman Parkway, Fort Worth TX 76140","992 East Emory Road, Knoxville TN 37938"
"4311 Bryant Irvin Road, Fort Worth TX 76107","4409 Chapman Hwy #1, Knoxville TN 37920"
"3451 Decatur Avenue, Fort Worth TX 76106","5483 Washington Pike, Knoxville TN 37918"
"5721 Crowley Rd, Fort Worth TX 76134","3810 Western Ave, Knoxville TN 37921"
"1100 East Seminary Drive, Fort Worth TX 76115","11170 Parkside Drive, Knoxville TN 37934"
"7121 Boat Club Road, Fort Worth TX 76179","4221 Asheville Hwy, Knoxville TN 37914"
"6617 Forest Hill Dr, Fort Worth TX 76140","7120 B Maynardville Pike, Knoxville TN 37918"
"8454 Camp Bowie West Boulevard, Fort Worth TX 76116","5010 Clinton Hwy, Knoxville TN 37912"
"4433 Mansfield Highway, Fort Worth TX 76119","2514 East Magnolia Avenue, Knoxville TN 37914"
"3252-3254 25th Street, Gulfport MS 39501","8909 Town and Country Cir, Knoxville TN 37923"
"3283 Pass Road, Gulfport MS 39501","252 Morrell Rd, Knoxville TN 37919"
"500 Cowan Road, Gulfport MS 39507","4215 N Broadway, Knoxville TN 37917"
"15449 Oneal Road, Gulfport MS 39501","6725 Clinton Hwy #101, Knoxville TN 37912"
"817 Pass Road, Gulfport MS 39501","3375 Novat St, Las Vegas NV 89129"
"11330 Oneal Road, Gulfport MS 39503","8500 South Eastern Avenue, Las Vegas NV 89123"
"23489 MS-53, Gulfport MS 39503","5915 South Eastern Avenue #105, Las Vegas NV 89119"
"15135 Dedeaux Road, Gulfport MS 39503","9350 W Lake Mead Blvd, Las Vegas NV 89134"
"11007 County Farm Road, Gulfport MS 39503","3555 South Fort Apache Road, Las Vegas NV 89147"
"17180 MS-53, Gulfport MS 39503","324 S Decatur Blvd, Las Vegas NV 89107"
"12600 Dedeaux Road, Gulfport MS 39503","2091 North Rainbow Boulevard a, Las Vegas NV 89108"
"125 Hardy Court Shopping Ctr, Gulfport MS 39507","3025 E Tropicana Ave 18A, Las Vegas NV 89121"
"12191 Canal Road, Gulfport MS 39503","6575 S Fort Apache Rd, Las Vegas NV 89148"
"14443 Creosote Road, Gulfport MS 39503","1240 South Nellis Boulevard, Las Vegas NV 89104"
"2013 East Pass Road, Gulfport MS 39507","2600 South Maryland Parkway, Las Vegas NV 89109"
"13125 Three Rivers Road, Gulfport MS 39503","4430 North Rancho Drive, Las Vegas NV 89130"
"12020 Ralston Rd, Houston TX 77044","3053 North Jones Boulevard, Las Vegas NV 89108"
"4002 Polk Street, Houston TX 77023","4055 South Maryland Parkway, Las Vegas NV 89119"
"11039 Fuqua Street, Houston TX 77089","4628 West Sahara Avenue, Las Vegas NV 89102"
"13320 Beaumont Highway, Houston TX 77049","3870 Blue Diamond Rd, Bldg R, Las Vegas NV 89139"
"6666 Antoine Drive, Houston TX 77091","7030 N Durango Dr, Las Vegas NV 89149"
"4000 Telephone Road, Houston TX 77087","3665 South Rainbow Boulevard #101, Las Vegas NV 89103"
"3528 Aldine Mail Route Road, Houston TX 77039","6685 East Lake Mead Boulevard, Las Vegas NV 89156"
"15625 Aldine Westfield Road, Houston TX 77032","3830 East Flamingo Road D, Las Vegas NV 89121"
"7728 Lockwood Drive, Houston TX 77016","5057 West Washington Boulevard, Los Angeles CA 90016"
"8005 Fuqua Street, Houston TX 77075","3828 West Slauson Avenue, Los Angeles CA 90043"
"136 East Crosstimbers Street, Houston TX 77022","1007 Cypress Avenue, Los Angeles CA 90065"
"16445 South Post Oak Road, Houston TX 77053","3148 West Pico Boulevard, Los Angeles CA 90019"
"525 Crosstimbers Street, Houston TX 77022","1200 Vine Street, Los Angeles CA 90038"
"7944 Mesa Drive, Houston TX 77028","2700 North Broadway, Los Angeles CA 90031"
"4750 West Fuqua Street, Houston TX 77045","4953 Whittier Boulevard, Los Angeles CA 90022"
"10828 Beechnut Street, Houston TX 77072","9137 South Western Avenue #9149, Los Angeles CA 90047"
"9010 Clearwood Drive, Houston TX 77075","3710 South La Brea Avenue A, Los Angeles CA 90016"
"1455 Gears Road, Houston TX 77067","2850 East Olympic Boulevard, Los Angeles CA 90023"
"1420 West Gulf Bank Road, Houston TX 77088","4617 Huntington Drive North, Los Angeles CA 90032"
"22428 Imperial Valley Drive, Houston TX 77073","4300 South Central Avenue, Los Angeles CA 90011"
"272 Ryland Pike, Huntsville AL 35811","2053 Venice Boulevard, Los Angeles CA 90006"
"495 Old Jim Williams Road Southwest, Huntsville AL 35824","5710 Crenshaw Blvd, Los Angeles CA 90043"
"2601 N Memorial Pkwy, Huntsville AL 35810","426 S Alvarado St, Los Angeles CA 90057"
"1604 Winchester Road Northeast, Huntsville AL 35811","165 Outer Loop #127, Louisville KY 40214"
"4710 University Dr NW, Huntsville AL 35816","7813 Beulah Church Road #116, Louisville KY 40228"
"4120 Triana Boulevard Southwest, Huntsville AL 35805","4856 Cane Run Road, Louisville KY 40216"
"3700 J, Blue Spring Rd NW, Huntsville AL 35810","5532 New Cut Road, Louisville KY 40214"
"1935 Jeff Road Northwest, Huntsville AL 35806","10309 Dixie Highway, Louisville KY 40272"
"5991 Pulaski Pike NW, Huntsville AL 35810","6801 Dixie Highway #155, Louisville KY 40258"
"2210 Meridian St N, Huntsville AL 35811","5023 Mud Lane #100, Louisville KY 40229"
"2806 Holmes Avenue Northwest, Huntsville AL 35816","9206 Westport Road, Louisville KY 40242"
"2420 Jordan Ln NW, Huntsville AL 35816","4241 Outer Loop, Louisville KY 40219"
"1008 Andrew Jackson Way NE N, Huntsville AL 35801","4121 Shelbyville Road, Louisville KY 40207"
"136 Countess Road Northeast, Huntsville AL 35810","9070 Dixie Highway, Louisville KY 40258"
"1400 Weatherly Plaza SE, Huntsville AL 35803","2815 West Broadway, Louisville KY 40211"
"2900A Triana Blvd SW, Huntsville AL 35805","1850 South Hurstbourne Parkway #155, Louisville KY 40220"
"4061 Independence Dr NW, Huntsville AL 35816","5622 Bardstown Road b, Louisville KY 40291"
"12879 Memorial Pkwy SW, Huntsville AL 35803","3600 Springhurst Blvd, Louisville KY 40241"
"2340 Whitesburg Dr, Huntsville AL 35801","5713 Preston Highway, Louisville KY 40219"
"5065 E 38th St, Indianapolis IN 46218","4060 Taylorsville Road, Louisville KY 40220"
"8030 South Arlington Avenue, Indianapolis IN 46237","2221 Hikes Lane, Louisville KY 40218"
"8323 East Washington Street, Indianapolis IN 46219","3923 7th Street Road, Louisville KY 40216"
"5210 English Avenue, Indianapolis IN 46219","11820 Shelbyville Road, Louisville KY 40243"
"9950 Pendleton Pike, Indianapolis IN 46236","1453 Terrell Mill Road #107, Marietta GA 30067"
"3644 South East Street, Indianapolis IN 46227","4880 Lower Roswell Road Ste 720, Marietta GA 30068"
"3301 English Avenue, Indianapolis IN 46203","3544 Canton Road, Marietta GA 30066"
"2131 Central Avenue, Indianapolis IN 46202","1733 Powder Springs Road Southwest, Marietta GA 30064"
"1801 South Emerson Avenue # 3, Indianapolis IN 46203","757 Whitlock Avenue Northwest, Marietta GA 30064"
"6655 W Washington St, Indianapolis IN 46241","180 Cobb Parkway South #210, Marietta GA 30060"
"3938 North Illinois Street, Indianapolis IN 46208","2145 Roswell Road #270, Marietta GA 30062"
"2002 North Arlington Avenue, Indianapolis IN 46218","2550 Sandy Plains Road Ste 100, Marietta GA 30066"
"3209 East Thompson Road, Indianapolis IN 46227","790 Powder Springs Street, Marietta GA 30064"
"12046 East Washington Street, Indianapolis IN 46229","2505 Chastain Meadows Parkway Northwest L, Marietta GA 30066"
"4060 South Keystone Avenue, Indianapolis IN 46227","500 Tillman Street, Memphis TN 38112"
"3827 North College Avenue, Indianapolis IN 46205","5050 Park Avenue, Memphis TN 38117"
"2710 West 16th Street, Indianapolis IN 46222","995 East Parkway South, Memphis TN 38104"
"3473 Kentucky Avenue, Indianapolis IN 46221","2932 Lamar Avenue, Memphis TN 38114"
"2120 West Morris Street, Indianapolis IN 46221","3060 Thomas Street, Memphis TN 38127"
"5450 Emerson Way unit c, Indianapolis IN 46226","7941 East Shelby Drive, Memphis TN 38125"
"4331 U.S. 80, Jackson MS 39209","7140 East Shelby Drive, Memphis TN 38125"
"1095 Highway 80 W, Jackson MS 39204","3842 Austin Peay Highway, Memphis TN 38128"
"883 Cooper Road, Jackson MS 39212","3476 Plaza Avenue #101, Memphis TN 38111"
"1214 West Capitol Street, Jackson MS 39203","2769 Wolf Creek Parkway #110, Memphis TN 38133"
"4514 Terry Rd, Jackson MS 39212","3697 Hickory Hill Road, Memphis TN 38115"
"3957 Northview Drive, Jackson MS 39206","3200 South Perkins Road, Memphis TN 38118"
"4524 West Northside Drive, Jackson MS 39209","4045 Elvis Presley Boulevard, Memphis TN 38116"
"304 Briarwood Drive, Jackson MS 39206","3905 Park Avenue, Memphis TN 38111"
"2003 County Line Road, Jackson MS 39211","7686 Polo Grounds Blvd, Memphis TN 38125"
"2808 Robinson Street, Jackson MS 39209","1833 South 3rd Street #4, Memphis TN 38109"
"3150 West Northside Drive, Jackson MS 39213","1246 Lamar Avenue, Memphis TN 38104"
"2030 North Siwell Road, Jackson MS 39212","5110 Summer Avenue #101, Memphis TN 38122"
"2855 McDowell Road Ext, Jackson MS 39204","8018 Dexter Road, Cordova TN 38016"
"340 East Fortification Street, Jackson MS 39202","9124 East Apache Trail #9, Mesa AZ 85207"
"5990 Medgar Evers Boulevard, Jackson MS 39213","3516 East Southern Avenue, Mesa AZ 85204"
"104 Daniel Lake Boulevard, Jackson MS 39212","8257 East Guadalupe Road #108, Mesa AZ 85212"
"648 Raymond Road, Jackson MS 39204","1927 N Gilbert Rd Ste 1, Mesa AZ 85213"
"1415 Ellis Avenue, Jackson MS 39204","63 N Greenfield Rd #101, Mesa AZ 85205"
"10230 Atlantic Boulevard, Jacksonville FL 32225","1110 W Southern Ave #16, Mesa AZ 85210"
"14837 Normandy Blvd, Jacksonville FL 32234","2714 E University Dr, Mesa AZ 85213"
"5161 Beach Boulevard, Jacksonville FL 32207","10708 E Southern Ave, Mesa AZ 85209"
"732 Edgewood Avenue North, Jacksonville FL 32254","4455 E McKellips Rd #101, Mesa AZ 85215"
"6830 Atlantic Boulevard, Jacksonville FL 32211","1918 West Rio Salado Parkway, Mesa AZ 85201"
"2161 Kings Road, Jacksonville FL 32209","1260 S Gilbert Rd Route 416, Mesa AZ 85204"
"7800 Argyle Forest Boulevard, Jacksonville FL 32244","6865 East Main Street, Mesa AZ 85207"
"716 New Berlin Road #17-31, Jacksonville FL 32218","7060 Southwest 24th Street, Miami FL 33155"
"11915 Beach Boulevard Unit 11, Jacksonville FL 32246","13550 Southwest 120th Street #430, Miami FL 33186"
"5363 Soutel Drive, Jacksonville FL 32219","9255 Southwest 40th Street, Miami FL 33165"
"8595 Beach Boulevard, Jacksonville FL 32216","13835 Southwest 88th Street, Miami FL 33186"
"12375 Yellow Bluff Rd, Jacksonville FL 32226","11397 Southwest 40th Street #2, Miami FL 33165"
"3031 Edgewood Avenue West, Jacksonville FL 32209","15725 Southwest 72nd Street Ste 170, Miami FL 33193"
"1610 Edgewood Avenue West, Jacksonville FL 32208","9360 Miller Rd, Miami FL 33165"
"8913 Normandy Boulevard, Jacksonville FL 32221","15150 Miller Dr, Miami FL 33185"
"10171 New Kings Road, Jacksonville FL 32219","1617 Southwest 107th Avenue, Miami FL 33165"
"9131 Lem Turner Road, Jacksonville FL 32208","7900 NW 27th Ave, Ste B4, Miami FL 33147"
"8625 Old Kings Rd S, Downtown FL 32217","11651 Northwest 27th Avenue, Miami FL 33167"
"5846 Normandy Boulevard, Jacksonville FL 32205","9525 West Flagler Street, Miami FL 33174"
"6240 Fort Caroline Road #16, Jacksonville FL 32277","19173 South Dixie Highway, Miami FL 33157"
"8770 Raytown Road, Kansas City MO 64138","14778 North Kendall Drive, Miami FL 33196"
"435 B Us Hwy 69, Kansas City MO 64119","12000 Southwest 127th Avenue, Miami FL 33186"
"10524 Grandview Road, Kansas City MO 64137","13911 South Dixie Highway, Miami FL 33176"
"401 Northeast Cookingham Drive, Kansas City MO 64155","4041 SW 152nd Ave, #4049, Miami FL 33185"
"8160 North Oak Trafficway, Kansas City MO 64118","7097 Southwest 8th Street, Miami FL 33144"
"4804 Noland Rd, Ste J-M, Kansas City MO 64133","968 Southwest 8th Street, Miami FL 33130"
"5100 Blue Ridge Cutoff, Kansas City MO 64129","850 Ives Dairy Road T4-A, Miami FL 33179"
"5100 Blue Ridge Boulevard, Kansas City MO 64133","3700 S 27th St, Milwaukee WI 53221"
"8411 Holmes Road, Kansas City MO 64131","3555 South Howell Avenue, Milwaukee WI 53207"
"9047 East State Route 350, Kansas City MO 64133","7519 West Oklahoma Avenue, Milwaukee WI 53219"
"8716 Blue Ridge Boulevard, Kansas City MO 64138","10220 West Silver Spring Drive, Milwaukee WI 53225"
"551 East 99th Street, Kansas City MO 64131","1300 West Historic Mitchell Street, Milwaukee WI 53204"
"7525 Wornall Road, Kansas City MO 64114","5310 West Maxwell Place, Milwaukee WI 53216"
"11118 Blue Ridge Boulevard, Kansas City MO 64134","4331 West Oklahoma Avenue, Milwaukee WI 53219"
"7615 Northwest Prairie View Road, Kansas City MO 64151","5002 South 74th Street, Milwaukee WI 53220"
"4505 Metropolitan Avenue, Kansas City KS 66106","7600 West Capitol Drive, Milwaukee WI 53222"
"5757 Troost Avenue, Kansas City KS 64110","380 East Capitol Drive, Milwaukee WI 53212"
"6577 North Oak Trafficway, Kansas City KS 64118","8207 West Brown Deer Road, Milwaukee WI 53223"
"6244 North Chatham Avenue, Kansas City KS 64151","3008 Dauphin Island Parkway Unit C, Mobile AL 36605"
"6448 Kaw Drive, Kansas City KS 66111","790 S Schillinger Rd, Ste A4, Mobile AL 36695"
"2018 Metropolitan Avenue, Kansas City KS 66106","2825 Spring Hill Avenue, Mobile AL 36607"
"5008 Northeast Parvin Road, Kansas City KS 64117","336 North Broad Street, Mobile AL 36603"
"5300 State Avenue, Kansas City KS 66102","5301 Moffett Road #240, Mobile AL 36618"
"8144 Parallel Parkway, Kansas City KS 66112","1310 Tingle Circle East Ste J, Mobile AL 36606"
"3716 State Avenue, Kansas City KS 66102","1500 Government Street b, Mobile AL 36604"
"10511 Kaw Drive, Kansas City KS 66111","5451 Halls Mill Road Ste 7, Mobile AL 36619"
"5000 Linwood Boulevard, Kansas City KS 64128","4013 Airport Boulevard b, Mobile AL 36608"
"2801 South 47th Street, Kansas City KS 66106","410 Bel Air Mall, Mobile AL 36606"
"5501 East Truman Road, Kansas City KS 64127","8600 Cottage Hill Road Ste 103, Mobile AL 36695"
"4235 Troost Ave, Kansas City KS 64110","3810 Clifton Avenue, Nashville TN 37209"
"6028 Leavenworth Road, Kansas City KS 66104","2289 Gallatin Pike North, Madison TN 37115"
"5405 Pleasant Ridge Road, Knoxville TN 37912","1513 Robinson Road, Old Hickory TN 37138"
"1612 Elm Street, Knoxville TN 37921","4724 Lebanon Pike A, Hermitage TN 37076"
"3130 Circle Oak Drive, Knoxville TN 37920","6622 Charlotte Pike #106, Nashville TN 37209"
"5845 Washington Pike, Knoxville TN 37918","5700 Nolensville Pike, Nashville TN 37211"
"9224 Middlebrook Pike, Knoxville TN 37931","5360 Mount View Road, Antioch TN 37013"
"3220 East Governor John Sevier Highway, Knoxville TN 37914","3409 Gallatin Pike, Nashville TN 37216"
"4125 Chapman Highway, Knoxville TN 37920","3460 Dickerson Pike Ste 101A, Nashville TN 37207"
"1800 Middlebrook Pike, Knoxville TN 37921","1109 Murfreesboro Pike, Nashville TN 37217"
"1350 East Emory Road, Knoxville TN 37938","2710 Old Lebanon Road #14, Nashville TN 37214"
"2625 Western Avenue, Knoxville TN 37921","1631 Gallatin Pike North, Madison TN 37115"
"2200 Kimberlin Heights Road, Knoxville TN 37920","2312 Old Murfreesboro Road, Nashville TN 37217"
"9129 Executive Park Drive, Knoxville TN 37923","1305 Antioch Pike, Nashville TN 37211"
"5725 Western Avenue, Knoxville TN 37921","3135 Lebanon Pike #101, Nashville TN 37214"
"2419 Amherst Road, Knoxville TN 37921","2605 8th Avenue South, Nashville TN 37204"
"4804 Clinton Highway, Knoxville TN 37912","832 Madison Square, Madison TN 37115"
"11809 Kingston Pike, Knoxville TN 37934","7657 Highway 70 South #108, Nashville TN 37221"
"206 Andrew Johnson Highway, Knoxville TN 37924","5524 Charlotte Pike, Nashville TN 37209"
"4640 Rutledge Pike, Knoxville TN 37914","5900 East Virginia Beach Boulevard Ste 206, Norfolk VA 23502"
"2043 North Broadway, Knoxville TN 37917","2420 East Little Creek Road, Norfolk VA 23518"
"4011 North Broadway, Knoxville TN 37917","9573 Shore Drive, Norfolk VA 23518"
"3327 N Highway 171, Lake Charles LA 70611","7525 Tidewater Dr, Spc 51C, Norfolk VA 23505"
"1220 Broad Street, Lake Charles LA 70601","3230 Tidewater Drive, Norfolk VA 23509"
"380 Sam Houston Jones Parkway, Lake Charles LA 70611","9620 Granby Street, Norfolk VA 23503"
"6285 U.S. 90, Lake Charles LA 70615","7734-A Hampton Blvd, Norfolk VA 23505"
"1353 North Martin Luther King Highway, Lake Charles LA 70601","7635 Granby Street, Norfolk VA 23505"
"1419 East Prien Lake Road, Lake Charles LA 70601","400 West 21st Street, Norfolk VA 23517"
"4801 Common Street, Lake Charles LA 70607","6101 North Military Highway #100, Norfolk VA 23513"
"2615 Broad Street, Lake Charles LA 70615","4200 Northwest Expressway, Oklahoma City OK 73116"
"2080 Common Street, Lake Charles LA 70601","2800 Northwest 63rd Street #100, Oklahoma City OK 73116"
"750 LA-384, Lake Charles LA 70607","1116 Northeast 36th Street, Oklahoma City OK 73111"
"2821 4th Avenue, Lake Charles LA 70601","1614 Southwest 74th Street, Oklahoma City OK 73159"
"2765 Lake Street, Lake Charles LA 70601","2221 Northwest 138th Street #1, Oklahoma City OK 73134"
"4940 Lake Street, Lake Charles LA 70605","2801 SW 29th St, Oklahoma City OK 73119"
"3521 Ryan Street, Lake Charles LA 70605","2501 North Pennsylvania Avenue, Oklahoma City OK 73107"
"5725 Gerstner Memorial Boulevard, Lake Charles LA 70607","7116 Northwest Expressway, Oklahoma City OK 73132"
"2319 Country Club Road, Lake Charles LA 70605","10908 North May Avenue, Oklahoma City OK 73120"
"2504 Ferndale Cut Off Rd, Little Rock AR 72223","6323 Southwest 3rd Street, Oklahoma City OK 73128"
"4748 Springer Blvd, Little Rock AR 72206","4605 Northwest 23rd Street, Oklahoma City OK 73127"
"9500 Satterfield Dr, Little Rock AR 72227","1610 Edgewater Dr, Orlando FL 32804"
"4701 W 65th St, Little Rock AR 72209","1431 West Sand Lake Road #140, Orlando FL 32809"
"14600 Arch Street Pike, Little Rock AR 72206","5621 South Orange Avenue, Orlando FL 32809"
"7501 Mabelvale Cut Off Rd, Little Rock AR 72209","9610 Orange Avenue, Orlando FL 32824"
"11120 Arch St, Little Rock AR 72206","5933 South Goldenrod Road C, Orlando FL 32822"
"3500 John Barrow Rd, Little Rock AR 72204","910 Lee Road, Orlando FL 32810"
"7710 Colonel Glenn Rd, Little Rock AR 72204","14524 East Colonial Drive, Orlando FL 32826"
"12626 Lawson Rd, Little Rock AR 72210","12162 Lake Underhill Road, Orlando FL 32825"
"2415 Broadway St Ste A, Little Rock AR 72206","12640 South Orange Blossom Trail Ste 136, Orlando FL 32837"
"5023 Baseline Rd, Little Rock AR 72209","5680 Central Florida Parkway, Orlando FL 32821"
"3124 W Roosevelt Rd, Little Rock AR 72204","1840 East Colonial Drive, Orlando FL 32803"
"20799 Arch Street, Little Rock AR 72206","4604 Millenia Plaza Way, Orlando FL 32839"
"9125 Stagecoach Road, Little Rock AR 72210","8910 Turkey Lake Road #500, Orlando FL 32819"
"14515 Arkansas 365, Little Rock AR 72206","2270 S Kirkman Rd, Orlando FL 32811"
"13725 Dixie Hwy, Louisville KY 40272","5211 South Conway Road, Orlando FL 32812"
"10608 W Manslick Rd, Louisville KY 40272","13605 South Apopka Vineland Road #103A, Orlando FL 32821"
"201 Terry Boulevard, Louisville KY 40229","4498 North Alafaya Trail, Orlando FL 32826"
"9267 Smyrna Road, Louisville KY 40228","5295 International Drive #400, Orlando FL 32819"
"5501 Clearwater Farm Boulevard, Louisville KY 40219","4568 South Semoran Boulevard, Orlando FL 32822"
"4443 Cane Run Road, Louisville KY 40216","7311 Curry Ford Road, Orlando FL 32822"
"11400 North Preston Highway, Louisville KY 40229","2601 West Girard Avenue, Philadelphia PA 19130"
"4207 Medallion Court, Louisville KY 40219","3366 Grant Avenue, Philadelphia PA 19114"
"1207 Gilmore Lane, Louisville KY 40213","31 West Girard Avenue, Philadelphia PA 19123"
"3943 Taylorsville Road, Louisville KY 40220","700 East Hunting Park Avenue, Philadelphia PA 19124"
"3517 Cane Run Road, Louisville KY 40211","6429 Sackett Street, Philadelphia PA 19149"
"8641 Preston Highway, Louisville KY 40219","101 Franklin Mills Boulevard, Philadelphia PA 19154"
"2625 Rockford Lane, Louisville KY 40216","2116 South Christopher Columbus Boulevard, Philadelphia PA 19148"
"7513 Outer Loop, Louisville KY 40228","4600 East Roosevelt Boulevard, Philadelphia PA 19124"
"7850 Dixie Highway, Louisville KY 40258","1601 Market Street, Philadelphia PA 19103"
"8715 3rd Street Road, Louisville KY 40272","3854 Morrell Avenue, Philadelphia PA 19114"
"8701 National Turnpike, Fairdale KY 40118","6101 Frankford Avenue, Philadelphia PA 19135"
"9541 Taylorsville Road, Louisville KY 40299","1619 Grant Avenue, Philadelphia PA 19115"
"7005 Global Drive, Louisville KY 40258","7740 City Avenue, Philadelphia PA 19151"
"11909 Dixie Hwy, Valley Station KY 40272","4160 Monument Road, Philadelphia PA 19131"
"1519 Farm to Market Road 1585, Lubbock TX 79423","8920 Frankford Avenue, Philadelphia PA 19136"
"4507 E, 6600 East Farm to Market 40, Lubbock TX 79403","3668 Aramingo Ave, #9A, Philadelphia PA 19134"
"2911 Woodrow Road, Lubbock TX 79423","4424 North Broad Street, Philadelphia PA 19140"
"8728-8752 Levelland Hwy, Lubbock TX 79407","3000 Island Ave, Ste M-P, Philadelphia PA 19153"
"8708 19th Street, Lubbock TX 79407","2910 South 70th Street #3B, Philadelphia PA 19142"
"2705 Clovis Road, Lubbock TX 79415","2017 West Oregon Avenue, Philadelphia PA 19145"
"9604 University Avenue, Lubbock TX 79423","13206 North 7th Street #2, Phoenix AZ 85022"
"5715 19th Street, Lubbock TX 79407","3353 North 19th Avenue, Phoenix AZ 85015"
"5404 4th Street, Lubbock TX 79416","4318 East Cactus Road, Phoenix AZ 85032"
"6409 Frankford Avenue, Lubbock TX 79424","2044 East Thomas Road, Phoenix AZ 85016"
"8004 Indiana Avenue #14, Lubbock TX 79423","5031 East Ray Road, Phoenix AZ 85044"
"2226 19th Street, Lubbock TX 79401","5235 West Indian School Road, Phoenix AZ 85031"
"1832 Parkway Drive, Lubbock TX 79403","2772 West Peoria Avenue, Phoenix AZ 85029"
"5004 34th Street, Lubbock TX 79410","4645 East Broadway Road, Phoenix AZ 85040"
"10404 Slide Road, Lubbock TX 79424","4005 East Chandler Boulevard, Phoenix AZ 85048"
"2015 50th Street, Lubbock TX 79412","3909 East Thomas Road, Phoenix AZ 85018"
"2862 34th Street, Lubbock TX 79410","818 East Union Hills Drive, Phoenix AZ 85024"
"1621 82nd Street, Lubbock TX 79410","5250 West Baseline Road, Laveen Village AZ 85339"
"3225 50th Street, Lubbock TX 79413","2501 Happy Valley Rd, Bldg 41, Phoenix AZ 85085"
"1815 Milwaukee Avenue, Lubbock TX 79416","3329 East Bell Road C, Phoenix AZ 85032"
"5226 U.S. 61, Memphis TN 38109","3330 West Southern Avenue #125, Phoenix AZ 85041"
"1760 Winchester Road, Memphis TN 38116","213 East Dunlap Avenue, Phoenix AZ 85020"
"6399 East Raines Road, Memphis TN 38115","5118 West McDowell Road, Phoenix AZ 85035"
"2704 Frayser Boulevard, Memphis TN 38127","3415 West Thunderbird Road #2, Phoenix AZ 85053"
"3433 Jackson Avenue, Memphis TN 38122","8913 North 19th Avenue, Phoenix AZ 85021"
"3636 North Watkins Street, Memphis TN 38127","26 E Baseline Rd, #36, Phoenix AZ 85042"
"2469 Elvis Presley Boulevard, Memphis TN 38106","3428 William Penn Highway, Pittsburgh PA 15235"
"7221 Hwy 64 Stage Rd, Memphis TN 38133","240 Mount Nebo Pointe Drive, Pittsburgh PA 15237"
"5756 Stage Road # F, Memphis TN 38134","1360 Park Manor Boulevard, Pittsburgh PA 15205"
"4546 Millbranch Road, Memphis TN 38116","2350 Noblestown Road, Pittsburgh PA 15205"
"6770 Winchester Road, Memphis TN 38115","47 Walsh Road, Pittsburgh PA 15205"
"6485 East Holmes Road, Memphis TN 38141","1759 South Braddock Avenue, Pittsburgh PA 15218"
"2939 Lamar Avenue, Memphis TN 38114","4714 McKnight Road, Pittsburgh PA 15237"
"4245 Raleigh Millington Road, Memphis TN 38128","1630 Arlington Avenue #1, Pittsburgh PA 15210"
"5141 Quince Road, Memphis TN 38117","1516 Brighton Road, Pittsburgh PA 15212"
"3129 Thomas Street, Memphis TN 38127","1030 West View Park Drive, Pittsburgh PA 15229"
"3119 South Perkins Road, Memphis TN 38118","6009 Penn Avenue, Pittsburgh PA 15206"
"4701 Neely Road, Memphis TN 38109","10534 Southeast Washington Street, Portland OR 97216"
"7110 East Shelby Drive, Memphis TN 38125","13575 Northwest Cornell Road, Portland OR 97229"
"1945 South 3rd Street, Memphis TN 38109","1443 Northeast 181st Avenue #1005, Portland OR 97230"
Midland TX 79706,"1420 Lloyd Center, Portland OR 97232"
"East, Texas 158, Midland TX 79706","7740 North Lombard Street, Portland OR 97203"
"6507 Farm to Market 307, Midland TX 79706","6868 Southeast Foster Road, Portland OR 97206"
"6811 n fm 1788, Midland TX 79707","6721 Southwest Beaverton Hillsdale Highway, Portland OR 97225"
"5306 West Illinois Avenue, Midland TX 79703","1815 Northeast 43rd Avenue, Portland OR 97213"
"10404 Farm to Market 307, Midland TX 79706","1614 Northeast 122nd Avenue, Portland OR 97230"
"1904 Rankin Highway, Midland TX 79701","2400 Southeast 182nd Avenue, Portland OR 97233"
"3111 W Cuthbert Ave B, Midland TX 79701","1132 North Hayden Meadows Drive, Portland OR 97217"
"3716 Texas 349, Midland TX 79706","10717 Northeast Sandy Boulevard, Portland OR 97220"
"311 Midland Drive, Midland TX 79703","4420 SE 82nd Ave, Bldg K-1, Portland OR 97266"
"712 West Scharbauer Drive #110, Midland TX 79705","2233 Avent Ferry Road #113, Raleigh NC 27606"
"2015 North Lamesa Road, Midland TX 79705","8111 Creedmoor Road #135, Raleigh NC 27613"
"904 Atlanta Street, Midland TX 79701","8440 Louisburg Road Ste 105, Raleigh NC 27616"
"363-399 West Wall Street, Midland TX 79701","6234 Glenwood Ave, Raleigh NC 27612"
"10805 Moorfield Rd, Mission TX 78574","7821 Alexander Promenade PI, Raleigh NC 27617"
"7129 Texas 107, Mission TX 78573","6421 Triangle Plantation Drive #100, Raleigh NC 27616"
"610 South Inspiration Road, Mission TX 78572","5563 Western Boulevard, Raleigh NC 27606"
"1700 East Griffin Parkway, Mission TX 78572","7221 Sandy Forks Road, Raleigh NC 27615"
"4401 West Mile 7 Road, Mission TX 78572","404 East Six Forks Road #101, Raleigh NC 27609"
"1011 U.S. 83 Business, Mission TX 78572","3501 Capital Boulevard #102, Raleigh NC 27604"
"5410 Mile 5 Circle, Mission TX 78574","1905 Poole Road, Raleigh NC 27610"
"6548 North Doffing Road, Mission TX 78574","1500 North New Hope Road, Raleigh NC 27604"
"2000 West Main Avenue, Mission TX 78573","1721 New Hope Church Road #104, Raleigh NC 27609"
"1510 South Bentsen Palm Drive, Mission TX 78572","3978 Meadowdale Boulevard, Richmond VA 23234"
"3000 West Mile 3 Road, Mission TX 78574","12000 Ridgefield Parkway, Richmond VA 23233"
"307 West Griffin Parkway, Mission TX 78572","4000 Glenside Drive, Richmond VA 23228"
"622 North Alton Boulevard, Mission TX 78573","7300 Midlothian Turnpike A, Richmond VA 23225"
"201 East Expressway 83 #4, Mission TX 78572","1510 West Broad Street, Richmond VA 23220"
"2105 West Griffin Parkway, Mission TX 78572","2430 Sheila Lane, Richmond VA 23225"
"2461 Island Rd, Mobile AL 36605","1236 Concord Avenue, Richmond VA 23228"
"2335 Newman Rd, Mobile AL 36695","5270-A Chamberlayne Rd, Richmond VA 23227"
"901 South Broad Street, Mobile AL 36603","8920 Patterson Avenue, Richmond VA 23229"
"2601 Dauphin Island Parkway, Mobile AL 36605","4905 West Broad Street #404, Richmond VA 23230"
"1276 Dauphin Island Parkway, Mobile AL 36605","1320 North Laburnum Avenue, Richmond VA 23223"
"7241 Moffett Rd, Mobile AL 36618","11740 West Broad Street #101, Richmond VA 23233"
"2501 Government Boulevard, Mobile AL 36606","4340 South Laburnum Avenue, Richmond VA 23231"
"7600 Three Notch Rd, Mobile AL 36619","1305 Carmia Way, Richmond VA 23235"
"4005 Government Boulevard, Mobile AL 36693","315 Cowardin Avenue, Richmond VA 23224"
"795 Schillinger Rd N #2, Mobile AL 36608","2536 New Market Road, Richmond VA 23231"
"3449 Saint Stephens Road, Mobile AL 36612","3870 Dewey Avenue, Rochester NY 14616"
"603 South Wilson Avenue, Mobile AL 36617","1225 Jefferson Rd, #A-14, Rochester NY 14623"
"4690 SpringHill Avenue, Mobile AL 36608","131 Pattonwood Drive, Rochester NY 14617"
"2381 Dawes Rd, Mobile AL 36695","3160 W Ridge Rd, Rochester NY 14626"
"2158 Dauphin Island Parkway, Mobile AL 36605","2345 Buffalo Road # 2, Rochester NY 14624"
"3251 Old Shell Road, Mobile AL 36607","20 Spencerport Road, Rochester NY 14606"
"2912 McVay Drive North, Mobile AL 36606","1601 Penfield Road #37, Rochester NY 14625"
"5029 Cottage Hill Road, Mobile AL 36609","1516 West Ridge Road, Rochester NY 14615"
"1310 Spring Hill Avenue, Mobile AL 36604","2300 E Main St, Rochester NY 14609"
"5475 Moffett Road, Mobile AL 36618","525 Titus Avenue, Rochester NY 14617"
"7700 Wares Ferry Road, Montgomery AL 36117","923 S Clinton Ave, Rochester NY 14620"
"4949 Mobile Highway, Montgomery AL 36108","2004 Chili Avenue, Rochester NY 14624"
"6510 Old Selma Road, Montgomery AL 36108","3333 W Henrietta Rd, Ste B2, Rochester NY 14623"
"3631 Malcolm Drive, Montgomery AL 36116","2255 East Ridge Road #12, Rochester NY 14622"
"8990 Atlanta Highway, Montgomery AL 36117","2000 Club Center Drive Ste 100, Sacramento CA 95835"
"3439 McGehee Road, Montgomery AL 36111","3308 Arden Way, Sacramento CA 95825"
"5456 Atlanta Highway, Montgomery AL 36109","5051 Fruitridge Road, Sacramento CA 95820"
"5560 Wares Ferry Road, Montgomery AL 36117","6710 Folsom Boulevard, Sacramento CA 95819"
"1218 West Boulevard, Montgomery AL 36108","4910 Freeport Boulevard, Sacramento CA 95822"
"1030 Perry Hill Road, Montgomery AL 36109","1235 S St, Sacramento CA 95811"
"4105 Norman Bridge Road, Montgomery AL 36105","2540 Watt Avenue, Sacramento CA 95821"
"502 East Patton Avenue, Montgomery AL 36111","6650 Valley Hi Dr, Sacramento CA 95823"
"3439 Lower Wetumpka Road, Montgomery AL 36110","7020 Stockton Boulevard, Sacramento CA 95823"
"5840 Cherry Hill Road, Montgomery AL 36116","1347 Florin Rd, Sacramento CA 95831"
"2280 E South Blvd, Montgomery AL 36116","1895 Howe Ave, Sacramento CA 95825"
"431 Coliseum Boulevard, Montgomery AL 36109","3615 Northgate Boulevard, Sacramento CA 95834"
"2769 Eastern Boulevard, Montgomery AL 36117","7723 Guilbeau Road #115, San Antonio TX 78250"
"6220 Atlanta Highway, Montgomery AL 36117","4414 North Foster Road, San Antonio TX 78244"
"200-298 South Spring Street, Murfreesboro TN 37130","7046 Bandera Road Ste A, San Antonio TX 78238"
"2984 South Church Street, Murfreesboro TN 37127","18299-002-0040, San Antonio TX 78254"
"2144 North Thompson Lane, Murfreesboro TN 37129","17802 La Cantera Parkway #117, San Antonio TX 78257"
"2011 Southeast Broad Street, Murfreesboro TN 37130","8323 Texas 151, San Antonio TX 78245"
"2015 Mercury Boulevard, Murfreesboro TN 37130","6511 West Loop 1604 North #111, San Antonio TX 78254"
"4125 Manson Pike, Murfreesboro TN 37129","14610 Huebner Road Ste 106, San Antonio TX 78230"
"1707 Bradyville Pike, Murfreesboro TN 37130","5827 Babcock Road, San Antonio TX 78240"
"5310 Leanna Road, Murfreesboro TN 37129","9931 Braun Rd, San Antonio TX 78254"
"5765 John Bragg Hwy, Murfreesboro TN 37127","214 Valley Hi Drive, San Antonio TX 78227"
"4412 Manchester Pike, Murfreesboro TN 37127","2313 Southwest Military Drive, San Antonio TX 78224"
"635 Medical Center Parkway, Murfreesboro TN 37129","3127 Southeast Military Drive Ste 131, San Antonio TX 78223"
"5975 Lebanon Road, Murfreesboro TN 37129","1245 Austin Highway, San Antonio TX 78209"
"2706 Lascassas Pike, Murfreesboro TN 37130","3143 Nacogdoches Road, San Antonio TX 78217"
"2421 New Salem Road, Murfreesboro TN 37128","16648 San Pedro Avenue Ste 105, San Antonio TX 78232"
"352 West Northfield Boulevard, Murfreesboro TN 37129","2031 Goliad Road, San Antonio TX 78223"
"227 Cason Lane, Murfreesboro TN 37128","2848 Thousand Oaks, San Antonio TX 78232"
"4491 Lebanon Pike, Hermitage TN 37076","11807 Perrin Beitel Road, San Antonio TX 78217"
"3234 Blackwood Drive, Nashville TN 37214","2000 South East Loop 410, San Antonio TX 78220"
"1578 Gallatin Pike North, Madison TN 37115","5185 Waring Road, San Diego CA 92120"
"6412 Nolensville Pike, Antioch TN 37013","3398 Murphy Canyon Rd, San Diego CA 92123"
"601 Gallatin Pike North, Madison TN 37115","2483 Imperial Avenue, San Diego CA 92102"
"2174 Gallatin Pike North, Madison TN 37115","5189 Waring Rd, San Diego CA 92120"
"541 Stewarts Ferry Pike, Nashville TN 37214","4792 Clairemont Mesa Boulevard, San Diego CA 92117"
"7200 Whites Creek Pike, Joelton TN 37080","4520 Camino De La Plaza, San Ysidro CA 92173"
"6009 Charlotte Pike, Nashville TN 37209","4240 Kearny Mesa Road #109, San Diego CA 92111"
"1510 Branch Street, Nashville TN 37206","8230 Mira Mesa Boulevard E, San Diego CA 92126"
"709 Old Hickory Boulevard, Nashville TN 37209","1755 Euclid Avenue #102, San Diego CA 92105"
"3019 Dickerson Pike, Nashville TN 37207","3337 Rosecrans Street, San Diego CA 92110"
"1118 Dickerson Pike, Nashville TN 37207","6503 University Avenue, San Diego CA 92115"
"5445 Nolensville Pike, Nashville TN 37211","3065 Meridian Ave, San Jose CA 95124"
"5501 Clarksville Pike, Joelton TN 37080","7128 Santa Teresa Boulevard, San Jose CA 95139"
"1461 Bell Road, Nashville TN 37211","14406 Union Avenue, San Jose CA 95124"
"2724 Murfreesboro Pike, Antioch TN 37013","2585 Almaden Rd, San Jose CA 95125"
"311 Martingale Drive, Old Hickory TN 37138","2155 Tully Rd, San Jose CA 95122"
"2214 Hobson Pike, Antioch TN 37013","916 Story Road, San Jose CA 95122"
"3926 Lebanon Pike, Hermitage TN 37076","331 North Capitol Avenue, San Jose CA 95133"
"5891 Southeast 88th Street, Ocala FL 34472","5540 Snell Ave, San Jose CA 95123"
"9743 Southeast Maricamp Road, Ocala FL 34472","1178 North Capitol Avenue, San Jose CA 95132"
Ocala FL 34482,"5546 Monterey Road, San Jose CA 95138"
"2371 Northwest 45th Terrace, Ocala FL 34482","5041 Almaden Expressway, San Jose CA 95118"
"896 Marion Oaks Manor, Ocala FL 34473","2222 Business Circle, San Jose CA 95128"
"2040 Northeast 35th Street, Ocala FL 34479","10021 Manchester Road, St. Louis MO 63122"
"4885 W Hwy 326, Ocala FL 34482","7077 Chippewa Street, St. Louis MO 63119"
"7371 North US Highway 441, Ocala FL 34475","5545 Telegraph Road, St. Louis MO 63129"
"2195 Northwest 10th Street, Ocala FL 34475","4411 Lemay Ferry Road, St. Louis MO 63129"
"4901 East Silver Springs Boulevard, Ocala FL 34470","8392 Watson Road, St. Louis MO 63119"
"6725 Southeast Maricamp Road, Ocala FL 34472","1, 1 North Oaks Plaza, St. Louis MO 63121"
"5191 Florida 40, Ocala FL 34482","3853 Gravois Avenue, St. Louis MO 63116"
"3751 South Pine Avenue, Ocala FL 34471","7800 Morganford Road, St. Louis MO 63123"
"7080 South Pine Avenue, Ocala FL 34480","77 North Florissant Road, St. Louis MO 63135"
"198 Marion Oaks Blvd, Ocala FL 34473","1135 South Kirkwood Road #5, St. Louis MO 63122"
"2685 NE 14th St, Ocala FL 34470","10752 West Florissant Avenue, St. Louis MO 63136"
"1111 West Silver Springs Boulevard, Ocala FL 34475","2014 South 7th Street #102, St. Louis MO 63104"
"10244 SW 86th Cir, Ocala FL 34481","12450 Tesson Ferry Road, St. Louis MO 63128"
"14140 FL-40, Ocala FL 34481","1300 Aubert Avenue, St. Louis MO 63113"
"2167 East Silver Springs Boulevard, Ocala FL 34470","3637 South Kingshighway Boulevard, St. Louis MO 63109"
"241 North Knox Avenue, Odessa TX 79763","3220 Laclede Station Road, St. Louis MO 63143"
"3551 Faudree Road, Odessa TX 79765","9032 Overland Plaza, St. Louis MO 63114"
"6155-6199 West Miles Street, Odessa TX 79763","3965 Henderson Boulevard b, Tampa FL 33629"
"7575 S US Highway 385, Odessa TX 79766","3908 South Dale Mabry Highway, Tampa FL 33611"
"2209 West 2nd Street, Odessa TX 79763","12052 Anderson Road, Tampa FL 33625"
"822 West 87th Street, Odessa TX 79764","15042 North Dale Mabry Highway, Tampa FL 33618"
"120 West Clements Street, Odessa TX 79761","2772 E Fowler Ave, Tampa FL 33612"
"10521 West University Boulevard, Odessa TX 79764","6278 Commerce Palms Drive, Tampa FL 33647"
"115 Farm to Market Road 1936, Odessa TX 79763","8851 North Florida Avenue, Tampa FL 33604"
"7504 West University Boulevard, Odessa TX 79764","3935 West Hillsborough Avenue, Tampa FL 33614"
"3701 Andrews Highway, Odessa TX 79762","8496 West Hillsborough Avenue, Tampa FL 33615"
"1351 West University Boulevard, Odessa TX 79764","7725 Palm River Road, Tampa FL 33619"
"2740 North Grandview Avenue, Odessa TX 79762","6302 South Dale Mabry Highway, Tampa FL 33611"
"1657 North County Road West, Odessa TX 79763","13616 University Plaza Street, Tampa FL 33613"
"2025 East 8th Street, Odessa TX 79761","1605 East Hillsborough Avenue, Tampa FL 33610"
"1125 East 42nd Street, Odessa TX 79762","3603 West Waters Avenue Ste 1100, Tampa FL 33614"
"1523 East 8th Street, Odessa TX 79761","2905-A N Dale Mabry Hwy, Tampa FL 33607"
"7001 Andrews Highway, Odessa TX 79765","5100 North Florida Avenue, Tampa FL 33603"
"4618 East University Boulevard, Odessa TX 79762","7089 West Waters Avenue, Tampa FL 33634"
"1525 Northwest 23rd Street, Oklahoma City OK 73106","2750 West Hillsborough Avenue, Tampa FL 33614"
"4310 Northwest 10th Street, Oklahoma City OK 73107","559 East Manhattan Boulevard Ste A, Toledo OH 43608"
"10959 Southeast 59th Street, Oklahoma City OK 73150","115 South Reynolds Road, Toledo OH 43615"
"2905 Southwest 74th Street, Oklahoma City OK 73159","4767 North Summit Street, Toledo OH 43611"
"15000 S Peebly Rd, Newalla OK 74857","5860 Lewis Avenue #1344, Toledo OH 43612"
"815 Southwest 29th Street, Oklahoma City OK 73109","1935 West Laskey Road, Toledo OH 43613"
"1127 West Hefner Road, Oklahoma City OK 73114","2007 N Holland Sylvania Rd, #101, Toledo OH 43615"
"3905 South Western Avenue, Oklahoma City OK 73109","2518 South Reynolds Road, Toledo OH 43614"
"910 Southeast 44th Street, Oklahoma City OK 73129","3448 West Sylvania Avenue, Toledo OH 43623"
"9200 South Sooner Road, Oklahoma City OK 73165","3358 Glendale Avenue, Toledo OH 43614"
"1600 Southeast 44th Street, Oklahoma City OK 73129","545 Dorr Street, Toledo OH 43604"
"14901 S Anderson Rd, Oklahoma City OK 73165","502 W Ajo Way #1, Tucson AZ 85713"
"9000 S Harrah Rd, Newalla OK 74857","9135 E Tanque Verde Rd, Tucson AZ 85749"
"3820 South Portland Avenue, Oklahoma City OK 73119","8580 E Broadway Blvd, Tucson AZ 85710"
"2929 Northwest 10th Street, Oklahoma City OK 73107","10805 N Oracle Rd #105, Oro Valley AZ 85737"
"3825 Southeast 15th Street, Oklahoma City OK 73115","3741 W Ina Rd #115, Tucson AZ 85741"
"7107 South Western Avenue, Oklahoma City OK 73139","5357 South Calle Santa Cruz, Tucson AZ 85706"
"4515 South May Avenue, Oklahoma City OK 73119","2430 South Harrison Road Ste 150, Tucson AZ 85748"
"12203 Warwick Drive, Oklahoma City OK 73162","5385 East Broadway Boulevard, Tucson AZ 85711"
"2703 Southwest 59th Street, Oklahoma City OK 73119","635 West Valencia Road, Tucson AZ 85706"
"3986 South Orange Blossom Trail, Orlando FL 32839","605 E Grant Rd #101, Tucson AZ 85705"
"2704 North Hiawassee Road, Orlando FL 32818","4841 North Stone Avenue #101, Tucson AZ 85704"
"6674 East Colonial Drive, Orlando FL 32807","7810 E Speedway Blvd, Tucson AZ 85710"
"9950 Hidden River Drive, Orlando FL 32825","1549 West Saint Marys Road, Tucson AZ 85745"
"9581 South Orange Avenue, Orlando FL 32824","8024 North Cortaro Road, Tucson AZ 85743"
"1001 South Orange Blossom Trail, Orlando FL 32805","2160 E Broadway Blvd, Tucson AZ 85719"
"4300 Clarcona Ocoee Road, Orlando FL 32810","4122 E 22nd St, Tucson AZ 85711"
"5170 South Conway Road, Orlando FL 32812","3927 E Grant Rd #125, Tucson AZ 85712"
"2851 Weston Lane, Orlando FL 32810","3603 N Campbell Ave, Tucson AZ 85719"
"928 South Ivey Lane, Orlando FL 32811","6980 E 22nd St, #114, Tucson AZ 85710"
"911 South Goldenrod Road, Orlando FL 32822","2051 E Irvington Rd, Tucson AZ 85714"
"17102 Old Cheney Highway, Orlando FL 32833","4818 East 80th Street Ste C, Tulsa OK 74136"
"5490 Hansel Avenue, Orlando FL 32809","3360 East 51st Street, Tulsa OK 74135"
"3081 Curry Ford Road, Orlando FL 32806","4249 Southwest Boulevard, Tulsa OK 74107"
"7965 Valencia College Lane, Orlando FL 32807","6923 E Admiral Pl, Tulsa OK 74115"
"7330 Clarcona Ocoee Road, Orlando FL 32818","9121 East 71st Street, Tulsa OK 74133"
"10619 East Colonial Drive, Orlando FL 32817","2710 South Harvard Avenue, Tulsa OK 74114"
"6536 Old Winter Garden Road, Orlando FL 32835","3120-B S Garnett Rd, Tulsa OK 74146"
"-2654, 13610 FL-77, Panama City FL 32409","10848 South Memorial Drive #101, Tulsa OK 74133"
"901 Cherry Street, Panama City FL 32401","9591 S Riverside Dr, Ste B, Tulsa OK 74137"
"2337 U.S. 231, Panama City FL 32405","2130 South Sheridan Road, Tulsa OK 74129"
"800 West 23rd Street, Panama City FL 32405","4508 South Peoria Avenue, Tulsa OK 74105"
"7101 U.S. 98, Panama City FL 32408","2160 S Sheridan Rd, Tulsa OK 74129"
"4335 U.S. 231, Panama City FL 32404","7428 S Olympia Ave, Tulsa OK 74132"
"7025 U.S. 231, Panama City FL 32404","928 Diamond Springs Road #102, Virginia Beach VA 23455"
"4002 West 18th Street, Panama City FL 32401","1949 Lynnhaven Parkway Ste 1552, Virginia Beach VA 23453"
"2323 East 15th Street, Panama City FL 32405","3332 Princess Anne Road, Virginia Beach VA 23456"
"3520 East 3rd Street, Panama City FL 32401","3750-B Virginia Bch Blvd, Virginia Beach VA 23452"
"3820 Florida 390, Panama City FL 32405","3157 Magic Hollow Boulevard, Virginia Beach VA 23456"
"2226 East 5th Street, Panama City FL 32401","1952 Laskin Road #512, Virginia Beach VA 23454"
"7726 Florida 77, Panama City FL 32409","1385 Fordham Drive #113, Virginia Beach VA 23464"
"408 South Tyndall Parkway, Panama City FL 32404","1055 Independence Boulevard, Virginia Beach VA 23455"
"412 Lyndell Lane, Panama City FL 32407","3877 Holland Road, Virginia Beach VA 23452"
"559 Harrison Avenue, Panama City FL 32401","2720 N Mall Dr, Spc 208, Virginia Beach VA 23452"
"5720 Thomas Drive, Panama City FL 32408","1157 Nimmo Parkway #102, Virginia Beach VA 23456"
"1319 West 15th Street, Panama City FL 32401","4805 Shore Drive b, Virginia Beach VA 23455"
"12325 Lillian Hwy, Pensacola FL 32506",
"13140 Sorrento Rd, Pensacola FL 32507",
"100 East 9 Mile Road, Pensacola FL 32534",
"610 East Cervantes Street, Pensacola FL 32501",
"2851 West Fairfield Drive, Pensacola FL 32505",
"8720 Gulf Beach Highway, Pensacola FL 32507",
"6891 Pensacola Boulevard, Pensacola FL 32505",
"2601 West Cervantes Street, Pensacola FL 32505",
"1401 West Garden Street, Pensacola FL 32501",
"301 Beverly Parkway, Pensacola FL 32505",
"5955 West 9 Mile Road, Pensacola FL 32526",
"8614 North Davis Highway, Pensacola FL 32514",
"3070 West Michigan Avenue, Pensacola FL 32526",
"400 North Navy Boulevard, Pensacola FL 32507",
"5007 North Davis Highway, Pensacola FL 32503",
"4818 Mobile Highway, Pensacola FL 32506",
"6601 N Davis Hwy #39, Pensacola FL 32504",
"8070 U.S. 98, Pensacola FL 32506",
"4940 Saufley Field Road, Pensacola FL 32526",
"4923 Lillian Highway, Pensacola FL 32506",
"2101 East Allegheny Avenue, Philadelphia PA 19134",
"7770 Dungan Road, Philadelphia PA 19111",
"9355 Krewstown Road, Philadelphia PA 19115",
"9212 Frankford Avenue, Philadelphia PA 19114",
"2715 South Front Street, Philadelphia PA 19148",
"9808 Bustleton Avenue, Philadelphia PA 19115",
"5700 Oxford Avenue, Philadelphia PA 19149",
"7620 Lindbergh Boulevard, Philadelphia PA 19153",
"919 Levick Street, Philadelphia PA 19111",
"901 West Girard Avenue, Philadelphia PA 19123",
"5101 Germantown Avenue, Philadelphia PA 19144",
"1240 East Erie Avenue, Philadelphia PA 19140",
"3501 Cedar Street, Philadelphia PA 19134",
"801 North 48th Street, Philadelphia PA 19139",
"501 Spring Garden Street, Philadelphia PA 19123",
"1300 West Lehigh Avenue, Philadelphia PA 19132",
"5753 Wayne Ave, Philadelphia PA 19144",
"8045 Frankford Avenue Suite 1, Philadelphia PA 19136",
"2120 South 23rd Street, Philadelphia PA 19145",
"6140 Woodland Avenue, Philadelphia PA 19142",
"123 N Sheridan Ave, East Liberty PA 15206",
"3060 Sussex Avenue, Pittsburgh PA 15226",
"93 Joseph Street, Pittsburgh PA 15227",
"716 Clairton Blvd, Pittsburgh PA 15236",
"5800 Buttermilk Hollow Road, Pittsburgh PA 15207",
"120 Three Degree Road, Pittsburgh PA 15237",
"315 Cochran Road, Pittsburgh PA 15228",
"1811 Main Street, Pittsburgh PA 15215",
"700 Penn Avenue, Pittsburgh PA 15221",
"1714 Laketon Road, Pittsburgh PA 15221",
"700 East Warrington Avenue, Pittsburgh PA 15210",
"1215 Brighton Road, Pittsburgh PA 15233",
"7248 Saltsburg Rd, Pittsburgh PA 15235",
"4725 Centre Avenue, Pittsburgh PA 15213",
"1695 McFarland Road, Pittsburgh PA 15216",
"3750 Saw Mill Run Boulevard, Pittsburgh PA 15227",
"7828 Midlothian Turnpike, Richmond VA 23235",
"1144 Wilkinson Road, Richmond VA 23227",
"5210 Wilkinson Road, Richmond VA 23227",
"9536 Woodman Road #9540, Richmond VA 23228",
"7218 Hull Street Road, Richmond VA 23235",
"2128 Hull Street, Richmond VA 23224",
"5201 Hull Street Road, Richmond VA 23224",
"10080 Hull Street Road, Richmond VA 23236",
"3903 Walmsley Boulevard, Richmond VA 23234",
"5251 9 Mile Road, Richmond VA 23223",
"2910 North Avenue, Richmond VA 23222",
"3301 Jefferson Davis Highway, Richmond VA 23234",
"6730 Jefferson Davis Highway, Richmond VA 23237",
"3820 Mechanicsville Turnpike, Richmond VA 23223",
"2536 New Market Road, Richmond VA 23231",
"8057 West Broad Street Ste C, Richmond VA 23294",
"4750 Finlay Street, Richmond VA 23231",
"6501 Iron Bridge Place, Richmond VA 23234",
"2301-2307 Jefferson Davis Hwy, Richmond VA 23234",
"5236 Chamberlayne Road, Richmond VA 23227",
"938 Bandera Road, San Antonio TX 78228",
"10415 Shaenfield Road, San Antonio TX 78254",
"10331 Nacogdoches Road, San Antonio TX 78217",
"3907 Rockport Road, San Antonio TX 78264",
"119 Castroville Road, San Antonio TX 78207",
"4302 Culebra Road, San Antonio TX 78228",
"6102 US Highway 87 East, San Antonio TX 78222",
"7815 Marbach Road, San Antonio TX 78227",
"13152 Independence Avenue, San Antonio TX 78233",
"5810 Pecan Valley Drive, San Antonio TX 78223",
"414 N New Braunfels Ave, San Antonio TX 78202",
"5939 Randolph Boulevard, San Antonio TX 78233",
"2701 South Presa Street, San Antonio TX 78210",
"5514 W Old US Highway 90, San Antonio TX 78227",
"2141 Pue Road, San Antonio TX 78245",
"7430 Tarrasa, San Antonio TX 78239",
"811 Pleasanton Road, San Antonio TX 78214",
"2800 Nogalitos Street, San Antonio TX 78225",
"3563 Thousand Oaks, San Antonio TX 78247",
"5360 W Military Dr, San Antonio TX 78242",
"4930 Christy Boulevard, St. Louis MO 63116",
"12227 Bellefontaine Road, St. Louis MO 63138",
"1060 Lemay Ferry Road, St. Louis MO 63125",
"6574 Manchester Avenue, St. Louis MO 63139",
"4038 N Grand Blvd, St. Louis MO 63107",
"10060 Halls Ferry Road, St. Louis MO 63136",
"8707 Saint Charles Rock Road, St. Louis MO 63114",
"4140 Woodson Road, St. Louis MO 63134",
"6225 North Hanley Road, St. Louis MO 63134",
"10403 West Florissant Avenue, St. Louis MO 63135",
"4956 Delmar Boulevard, St. Louis MO 63113",
"4488 Lemay Ferry Road, St. Louis MO 63129",
"11040 Midland Boulevard, St. Louis MO 63114",
"8937 Natural Bridge Road, St. Louis MO 63121",
"6155 South Grand Boulevard, St. Louis MO 63111",
"2500 South Jefferson Avenue, St. Louis MO 63104",
"7900 Olive Boulevard, St. Louis MO 63130",
"6730 Natural Bridge Road, St. Louis MO 63121",
"8212 North Armenia Avenue, Tampa FL 33604",
"1303 South 78th Street, Tampa FL 33619",
"7850 North 56th Street, Tampa FL 33617",
"2400 East Busch Boulevard, Tampa FL 33612",
"8702 East Drive Martin Luther King Junior Boulevard, Tampa FL 33610",
"2363 East Fowler Avenue, Tampa FL 33612",
"5333 Gunn Highway, Tampa FL 33624",
"3005 West Columbus Drive, Tampa FL 33607",
"6508 South Dale Mabry Highway, Tampa FL 33611",
"3502 East Hillsborough Avenue, Tampa FL 33610",
"8225 North Florida Avenue, Tampa FL 33604",
"7320 West Waters Avenue, Tampa FL 33634",
"8615 West Hillsborough Avenue, Tampa FL 33615",
"3966 West Hillsborough Avenue, Tampa FL 33614",
"3110 North 50th Street, Tampa FL 33619",
"9806 N US Hwy 301, Tampa FL 33637",
"9001 North Florida Avenue, Tampa FL 33604",
"4978 East Busch Boulevard, Tampa FL 33617",
"1115 North Sheridan Road, Tulsa OK 74115",
"10810 E 11th St S, Tulsa OK 74128",
"5801 West 41st Street South, Tulsa OK 74107",
"35 South 49th West Avenue, Tulsa OK 74127",
"12919 East 31st Street Ste A, Tulsa OK 74134",
"3932 East Admiral Place, Tulsa OK 74115",
"9727 East 31st Street, Tulsa OK 74146",
"6248 North Peoria Avenue, Tulsa OK 74126",
"5155 South Peoria Avenue, Tulsa OK 74105",
"3920 South Garnett Road, Tulsa OK 74146",
"2811 North Peoria Avenue, Tulsa OK 74106",
"11902 East 21st Street, Tulsa OK 74129",
"1906 North Harvard Avenue, Tulsa OK 74115",
"2225 E 61st St, Tulsa OK 74136",
"7854 East Admiral Place, Tulsa OK 74115",
"1520 South Sheridan Road, Tulsa OK 74112",
"1225 East 46th Street North, Tulsa OK 74106",
"5610 West Skelly Drive, Tulsa OK 74107",
"401 South Lewis Avenue, Tulsa OK 74104",
"1419 West 51st Street, Tulsa OK 74107",
"1919 East Pawnee Street, Wichita KS 67211",
"2909 North Broadway Street, Wichita KS 67219",
"3117 South Seneca Street, Wichita KS 67217",
"2424 South Broadway Avenue, Wichita KS 67216",
"3660 East 47th Street South, Wichita KS 67210",
"4211 West Central Avenue, Wichita KS 67212",
"221 West 47th Street South, Wichita KS 67217",
"2747 Boulevard Plaza, Wichita KS 67211",
"2427 West Pawnee Street, Wichita KS 67213",
"4549 East Pawnee Street, Wichita KS 67218",
"515 South Dugan Road, Wichita KS 67209",
"1624 East Central Avenue, Wichita KS 67214",
"2990 West 13th Street North, Wichita KS 67203",
"1206 West Douglas Avenue, Wichita KS 67203",
"8951 West Central Avenue, Wichita KS 67212",
"1625 South Rock Road, Wichita KS 67207",
"1918 East 13th Street North, Wichita KS 67214",
"2020 East 21st Street North, Wichita KS 67214",
"915 South Glendale Street, Wichita KS 67218",
"4610 East 13th Street North, Wichita KS 67208",
"2002 South Raccoon Road, Youngstown OH 44511",
"2896 McCartney Road, Youngstown OH 44505",
"8573 Market Street, Youngstown OH 44514",
"1370 Belmont Avenue, Youngstown OH 44504",
"3265 Canfield Road, Youngstown OH 44511",
"4996 Market Street, Youngstown OH 44514",
"3551 Belmont Avenue, Youngstown OH 44505",
"2981 McGuffey Road, Youngstown OH 44505",
"5953 South Avenue, Youngstown OH 44512",
"2023 Market Street, Youngstown OH 44507",
"271 Boardman-Canfield Road, Youngstown OH 44512",
"4425 Logan Way, Youngstown OH 44505",
"3309 Mahoning Avenue, Youngstown OH 44509",
"1504 Oak Street, Youngstown OH 44506",
"859 East Midlothian Boulevard, Youngstown OH 44502",
